# run,cmsls,prescidx,totprescval,hltpath/prescval,logic,l1bit/prescval
254790,1,1,320000,HLT_PFJet60_v2/4,ONE,L1_SingleJet36/80000
254790,3,7,15000,HLT_PFJet60_v2/3,ONE,L1_SingleJet36/5000
254833,1,1,320000,HLT_PFJet60_v2/4,ONE,L1_SingleJet36/80000
254833,126,6,20000,HLT_PFJet60_v2/1,ONE,L1_SingleJet36/20000
254833,317,7,15000,HLT_PFJet60_v2/3,ONE,L1_SingleJet36/5000
254879,1,1,320000,HLT_PFJet60_v2/4,ONE,L1_SingleJet36/80000
254879,33,7,15000,HLT_PFJet60_v2/3,ONE,L1_SingleJet36/5000
254905,1,1,320000,HLT_PFJet60_v2/4,ONE,L1_SingleJet36/80000
254905,39,6,20000,HLT_PFJet60_v2/1,ONE,L1_SingleJet36/20000
254906,1,6,20000,HLT_PFJet60_v2/1,ONE,L1_SingleJet36/20000
254913,1,1,320000,HLT_PFJet60_v2/4,ONE,L1_SingleJet36/80000
254914,6,1,320000,HLT_PFJet60_v2/4,ONE,L1_SingleJet36/80000
256674,1,5,6000,HLT_PFJet60_v3/2,ONE,L1_SingleJet36/3000
257461,1,1,1048556,HLT_PFJet60_v3/4,ONE,L1_SingleJet36/262139
257461,35,5,6000,HLT_PFJet60_v3/2,ONE,L1_SingleJet36/3000
257461,38,4,5000,HLT_PFJet60_v3/1,ONE,L1_SingleJet36/5000
257461,69,5,6000,HLT_PFJet60_v3/2,ONE,L1_SingleJet36/3000
257804,1,6,1500,HLT_PFJet60_v3/1,ONE,L1_SingleJet36/1500
257804,6,5,6000,HLT_PFJet60_v3/2,ONE,L1_SingleJet36/3000
257816,1,5,6000,HLT_PFJet60_v3/2,ONE,L1_SingleJet36/3000
258159,1,5,36000,HLT_PFJet60_v3/12,ONE,L1_SingleJet36/3000
258312,1,5,36000,HLT_PFJet60_v3/12,ONE,L1_SingleJet36/3000
258313,1,5,36000,HLT_PFJet60_v3/12,ONE,L1_SingleJet36/3000
258319,1,5,3000,HLT_PFJet60_v3/1,ONE,L1_SingleJet36/3000
259464,1,10,3600,HLT_PFJet60_v3/12,ONE,L1_SingleJet36/300
259453,1,10,300,HLT_PFJet60_v3/1,ONE,L1_SingleJet36/300
259456,1,10,300,HLT_PFJet60_v3/1,ONE,L1_SingleJet36/300
259457,1,10,3600,HLT_PFJet60_v3/12,ONE,L1_SingleJet36/300
259458,1,10,3600,HLT_PFJet60_v3/12,ONE,L1_SingleJet36/300
260627,1,1,262139,HLT_PFJet60_v4/1,ONE,L1_SingleJet36/262139
260627,4,4,60000,HLT_PFJet60_v4/12,ONE,L1_SingleJet36/5000
260627,108,3,84000,HLT_PFJet60_v4/12,ONE,L1_SingleJet36/7000
260627,128,4,60000,HLT_PFJet60_v4/12,ONE,L1_SingleJet36/5000
260627,213,3,84000,HLT_PFJet60_v4/12,ONE,L1_SingleJet36/7000
260627,575,4,60000,HLT_PFJet60_v4/12,ONE,L1_SingleJet36/5000
253946,1,11,2000,HLT_PFJet60_v2/1,ONE,L1_SingleJet36/2000
253952,1,11,2000,HLT_PFJet60_v2/1,ONE,L1_SingleJet36/2000
254229,6,1,320000,HLT_PFJet60_v2/4,ONE,L1_SingleJet36/80000
254380,8,1,320000,HLT_PFJet60_v2/4,ONE,L1_SingleJet36/80000
254380,9,9,6000,HLT_PFJet60_v2/3,ONE,L1_SingleJet36/2000
254415,1,1,80000,HLT_PFJet60_v2/1,ONE,L1_SingleJet36/80000
254416,1,12,262139,HLT_PFJet60_v2/1,ONE,L1_SingleJet36/262139
254416,40,8,10000,HLT_PFJet60_v2/2,ONE,L1_SingleJet36/5000
254608,1,7,15000,HLT_PFJet60_v2/3,ONE,L1_SingleJet36/5000
254608,515,8,10000,HLT_PFJet60_v2/2,ONE,L1_SingleJet36/5000
254608,656,9,6000,HLT_PFJet60_v2/3,ONE,L1_SingleJet36/2000
257612,1,5,3000,HLT_PFJet60_v3/1,ONE,L1_SingleJet36/3000
257613,1,5,6000,HLT_PFJet60_v3/2,ONE,L1_SingleJet36/3000
260478,1,2,262139,HLT_PFJet60_v4/1,ONE,L1_SingleJet36/262139
272612,1,0,0,HLT_PFJet60_v4/1,ONE,L1_SingleJet35/0
272617,1,0,0,HLT_PFJet60_v4/1,ONE,L1_SingleJet35/0
272674,1,0,0,HLT_PFJet60_v4/1,ONE,L1_SingleJet35/0
272674,20,11,2400,HLT_PFJet60_v4/12,ONE,L1_SingleJet35/200
272761,1,11,2400,HLT_PFJet60_v4/12,ONE,L1_SingleJet35/200
251161,1,10,0,HLT_PFJet60_v2/0,ONE,L1_SingleJet36/65537
251167,1,7,262139,HLT_PFJet60_v2/1,ONE,L1_SingleJet36/262139
251252,1,7,262139,HLT_PFJet60_v2/1,ONE,L1_SingleJet36/262139
251493,1,10,0,HLT_PFJet60_v2/0,ONE,L1_SingleJet36/65537
251493,6,6,262139,HLT_PFJet60_v2/1,ONE,L1_SingleJet36/262139
251499,1,6,262139,HLT_PFJet60_v2/1,ONE,L1_SingleJet36/262139
251521,1,6,262139,HLT_PFJet60_v2/1,ONE,L1_SingleJet36/262139
251548,1,10,0,HLT_PFJet60_v2/0,ONE,L1_SingleJet36/65537
251548,28,6,262139,HLT_PFJet60_v2/1,ONE,L1_SingleJet36/262139
254280,1,11,2000,HLT_PFJet60_v2/1,ONE,L1_SingleJet36/2000
254283,5,1,320000,HLT_PFJet60_v2/4,ONE,L1_SingleJet36/80000
254283,9,11,2000,HLT_PFJet60_v2/1,ONE,L1_SingleJet36/2000
254284,43,11,2000,HLT_PFJet60_v2/1,ONE,L1_SingleJet36/2000
254437,1,1,320000,HLT_PFJet60_v2/4,ONE,L1_SingleJet36/80000
254437,4,12,262139,HLT_PFJet60_v2/1,ONE,L1_SingleJet36/262139
254437,54,9,6000,HLT_PFJet60_v2/3,ONE,L1_SingleJet36/2000
254437,65,8,10000,HLT_PFJet60_v2/2,ONE,L1_SingleJet36/5000
254450,1,8,10000,HLT_PFJet60_v2/2,ONE,L1_SingleJet36/5000
254458,1,8,10000,HLT_PFJet60_v2/2,ONE,L1_SingleJet36/5000
256730,1,5,3000,HLT_PFJet60_v3/1,ONE,L1_SingleJet36/3000
257487,1,1,1048556,HLT_PFJet60_v3/4,ONE,L1_SingleJet36/262139
257487,13,5,6000,HLT_PFJet60_v3/2,ONE,L1_SingleJet36/3000
257821,1,5,6000,HLT_PFJet60_v3/2,ONE,L1_SingleJet36/3000
257968,1,1,262139,HLT_PFJet60_v3/1,ONE,L1_SingleJet36/262139
257968,7,5,36000,HLT_PFJet60_v3/12,ONE,L1_SingleJet36/3000
257968,11,1,262139,HLT_PFJet60_v3/1,ONE,L1_SingleJet36/262139
257968,12,5,36000,HLT_PFJet60_v3/12,ONE,L1_SingleJet36/3000
258129,1,1,262139,HLT_PFJet60_v3/1,ONE,L1_SingleJet36/262139
258129,17,5,36000,HLT_PFJet60_v3/12,ONE,L1_SingleJet36/3000
258152,1,0,262139,HLT_PFJet60_v3/1,ONE,L1_SingleJet36/262139
258155,1,1,262139,HLT_PFJet60_v3/1,ONE,L1_SingleJet36/262139
258155,14,5,36000,HLT_PFJet60_v3/12,ONE,L1_SingleJet36/3000
258156,1,5,3000,HLT_PFJet60_v3/1,ONE,L1_SingleJet36/3000
258210,1,1,262139,HLT_PFJet60_v3/1,ONE,L1_SingleJet36/262139
258213,1,1,262139,HLT_PFJet60_v3/1,ONE,L1_SingleJet36/262139
258213,12,5,36000,HLT_PFJet60_v3/12,ONE,L1_SingleJet36/3000
258287,1,5,36000,HLT_PFJet60_v3/12,ONE,L1_SingleJet36/3000
258434,1,5,36000,HLT_PFJet60_v3/12,ONE,L1_SingleJet36/3000
258432,1,5,36000,HLT_PFJet60_v3/12,ONE,L1_SingleJet36/3000
258440,1,5,36000,HLT_PFJet60_v3/12,ONE,L1_SingleJet36/3000
258442,1,5,3000,HLT_PFJet60_v3/1,ONE,L1_SingleJet36/3000
258443,1,5,36000,HLT_PFJet60_v3/12,ONE,L1_SingleJet36/3000
258444,1,5,36000,HLT_PFJet60_v3/12,ONE,L1_SingleJet36/3000
258446,1,5,36000,HLT_PFJet60_v3/12,ONE,L1_SingleJet36/3000
258448,1,5,36000,HLT_PFJet60_v3/12,ONE,L1_SingleJet36/3000
258656,1,4,60000,HLT_PFJet60_v3/12,ONE,L1_SingleJet36/5000
258656,70,5,36000,HLT_PFJet60_v3/12,ONE,L1_SingleJet36/3000
258690,1,4,5000,HLT_PFJet60_v3/1,ONE,L1_SingleJet36/5000
259721,1,6,18000,HLT_PFJet60_v4/12,ONE,L1_SingleJet36/1500
272760,1,0,0,HLT_PFJet60_v4/1,ONE,L1_SingleJet35/0
272760,10,11,2400,HLT_PFJet60_v4/12,ONE,L1_SingleJet35/200
272774,1,0,0,HLT_PFJet60_v4/1,ONE,L1_SingleJet35/0
272774,9,10,4800,HLT_PFJet60_v4/12,ONE,L1_SingleJet35/400
272771,1,0,0,HLT_PFJet60_v4/1,ONE,L1_SingleJet35/0
272771,3,11,2400,HLT_PFJet60_v4/12,ONE,L1_SingleJet35/200
272775,1,10,4800,HLT_PFJet60_v4/12,ONE,L1_SingleJet35/400
272775,118,11,2400,HLT_PFJet60_v4/12,ONE,L1_SingleJet35/200
272775,124,10,4800,HLT_PFJet60_v4/12,ONE,L1_SingleJet35/400
272776,1,10,4800,HLT_PFJet60_v4/12,ONE,L1_SingleJet35/400
272776,36,11,2400,HLT_PFJet60_v4/12,ONE,L1_SingleJet35/200
272776,47,10,4800,HLT_PFJet60_v4/12,ONE,L1_SingleJet35/400
272829,1,7,18000,HLT_PFJet60_v4/12,ONE,L1_SingleJet35/1500
272828,1,6,24000,HLT_PFJet60_v4/12,ONE,L1_SingleJet35/2000
272828,49,7,18000,HLT_PFJet60_v4/12,ONE,L1_SingleJet35/1500
272827,1,0,0,HLT_PFJet60_v4/1,ONE,L1_SingleJet35/0
272827,11,6,24000,HLT_PFJet60_v4/12,ONE,L1_SingleJet35/2000
256925,1,4,5000,HLT_PFJet60_v3/1,ONE,L1_SingleJet36/5000
256926,1,4,5000,HLT_PFJet60_v3/1,ONE,L1_SingleJet36/5000
256926,41,5,6000,HLT_PFJet60_v3/2,ONE,L1_SingleJet36/3000
260571,1,4,60000,HLT_PFJet60_v4/12,ONE,L1_SingleJet36/5000
260568,None,None,1,HLT_PFJet60_v4,ONE,L1_SingleJet36
260572,1,4,60000,HLT_PFJet60_v4/12,ONE,L1_SingleJet36/5000
260576,1,4,60000,HLT_PFJet60_v4/12,ONE,L1_SingleJet36/5000
260577,1,4,60000,HLT_PFJet60_v4/12,ONE,L1_SingleJet36/5000
260570,1,4,60000,HLT_PFJet60_v4/12,ONE,L1_SingleJet36/5000
260575,1,4,60000,HLT_PFJet60_v4/12,ONE,L1_SingleJet36/5000
272922,1,0,0,HLT_PFJet60_v4/1,ONE,L1_SingleJet35/0
272922,18,5,4000,HLT_PFJet60_v4/1,ONE,L1_SingleJet35/4000
272924,1,6,2000,HLT_PFJet60_v4/1,ONE,L1_SingleJet35/2000
272927,1,6,2000,HLT_PFJet60_v4/1,ONE,L1_SingleJet35/2000
272927,10,5,4000,HLT_PFJet60_v4/1,ONE,L1_SingleJet35/4000
272927,63,6,2000,HLT_PFJet60_v4/1,ONE,L1_SingleJet35/2000
272929,None,None,1,HLT_PFJet60_v4,ONE,L1_SingleJet35
272930,1,6,24000,HLT_PFJet60_v4/12,ONE,L1_SingleJet35/2000
272930,16,5,48000,HLT_PFJet60_v4/12,ONE,L1_SingleJet35/4000
272930,155,0,0,HLT_PFJet60_v4/1,ONE,L1_SingleJet35/0
272930,159,5,48000,HLT_PFJet60_v4/12,ONE,L1_SingleJet35/4000
272921,1,0,0,HLT_PFJet60_v4/1,ONE,L1_SingleJet35/0
272923,1,5,4000,HLT_PFJet60_v4/1,ONE,L1_SingleJet35/4000
272925,1,6,2000,HLT_PFJet60_v4/1,ONE,L1_SingleJet35/2000
272926,1,6,2000,HLT_PFJet60_v4/1,ONE,L1_SingleJet35/2000
272936,1,6,24000,HLT_PFJet60_v4/12,ONE,L1_SingleJet35/2000
272935,1,0,0,HLT_PFJet60_v4/1,ONE,L1_SingleJet35/0
272935,4,6,24000,HLT_PFJet60_v4/12,ONE,L1_SingleJet35/2000
272935,29,12,0,HLT_PFJet60_v4/1,ONE,L1_SingleJet35/0
272935,65,6,24000,HLT_PFJet60_v4/12,ONE,L1_SingleJet35/2000
273017,1,0,0,HLT_PFJet60_v4/1,ONE,L1_SingleJet35/0
273017,10,6,24000,HLT_PFJet60_v4/12,ONE,L1_SingleJet35/2000
273063,1,6,24000,HLT_PFJet60_v4/12,ONE,L1_SingleJet35/2000
273012,1,0,0,HLT_PFJet60_v4/1,ONE,L1_SingleJet35/0
273012,4,12,0,HLT_PFJet60_v4/1,ONE,L1_SingleJet35/0
273013,1,6,24000,HLT_PFJet60_v4/12,ONE,L1_SingleJet35/2000
273136,1,0,0,HLT_PFJet60_v4/1,ONE,L1_SingleJet35/0
273136,3,6,2000,HLT_PFJet60_v4/1,ONE,L1_SingleJet35/2000
251163,1,7,262139,HLT_PFJet60_v2/1,ONE,L1_SingleJet36/262139
251562,1,6,262139,HLT_PFJet60_v2/1,ONE,L1_SingleJet36/262139
251604,1,10,0,HLT_PFJet60_v2/0,ONE,L1_SingleJet36/65537
251604,16,6,262139,HLT_PFJet60_v2/1,ONE,L1_SingleJet36/262139
251633,5,10,65537,HLT_PFJet60_v2/1,ONE,L1_SingleJet36/65537
251635,31,10,65537,HLT_PFJet60_v2/1,ONE,L1_SingleJet36/65537
256865,1,5,6000,HLT_PFJet60_v3/2,ONE,L1_SingleJet36/3000
256866,1,5,6000,HLT_PFJet60_v3/2,ONE,L1_SingleJet36/3000
256867,1,5,6000,HLT_PFJet60_v3/2,ONE,L1_SingleJet36/3000
256867,26,6,1500,HLT_PFJet60_v3/1,ONE,L1_SingleJet36/1500
256867,55,5,6000,HLT_PFJet60_v3/2,ONE,L1_SingleJet36/3000
256867,56,6,1500,HLT_PFJet60_v3/1,ONE,L1_SingleJet36/1500
256868,1,6,1500,HLT_PFJet60_v3/1,ONE,L1_SingleJet36/1500
256868,382,5,6000,HLT_PFJet60_v3/2,ONE,L1_SingleJet36/3000
256869,1,5,6000,HLT_PFJet60_v3/2,ONE,L1_SingleJet36/3000
256924,1,1,1048556,HLT_PFJet60_v3/4,ONE,L1_SingleJet36/262139
256924,11,4,5000,HLT_PFJet60_v3/1,ONE,L1_SingleJet36/5000
257682,1,5,6000,HLT_PFJet60_v3/2,ONE,L1_SingleJet36/3000
257682,75,6,1500,HLT_PFJet60_v3/1,ONE,L1_SingleJet36/1500
257751,1,5,6000,HLT_PFJet60_v3/2,ONE,L1_SingleJet36/3000
258174,1,1,262139,HLT_PFJet60_v3/1,ONE,L1_SingleJet36/262139
258174,22,5,36000,HLT_PFJet60_v3/12,ONE,L1_SingleJet36/3000
258174,161,1,262139,HLT_PFJet60_v3/1,ONE,L1_SingleJet36/262139
258175,1,5,36000,HLT_PFJet60_v3/12,ONE,L1_SingleJet36/3000
258177,1,5,36000,HLT_PFJet60_v3/12,ONE,L1_SingleJet36/3000
258211,1,1,262139,HLT_PFJet60_v3/1,ONE,L1_SingleJet36/262139
258214,1,5,36000,HLT_PFJet60_v3/12,ONE,L1_SingleJet36/3000
258215,1,5,36000,HLT_PFJet60_v3/12,ONE,L1_SingleJet36/3000
258282,1,1,262139,HLT_PFJet60_v3/1,ONE,L1_SingleJet36/262139
272907,1,0,0,HLT_PFJet60_v4/1,ONE,L1_SingleJet35/0
272907,11,11,200,HLT_PFJet60_v4/1,ONE,L1_SingleJet35/200
272908,1,0,0,HLT_PFJet60_v4/1,ONE,L1_SingleJet35/0
272908,4,11,200,HLT_PFJet60_v4/1,ONE,L1_SingleJet35/200
273006,1,0,0,HLT_PFJet60_v4/1,ONE,L1_SingleJet35/0
273006,3,12,0,HLT_PFJet60_v4/1,ONE,L1_SingleJet35/0
273138,1,6,2000,HLT_PFJet60_v4/1,ONE,L1_SingleJet35/2000
273150,1,0,0,HLT_PFJet60_v4/1,ONE,L1_SingleJet35/0
273150,3,6,12000,HLT_PFJet60_v4/6,ONE,L1_SingleJet35/2000
273150,39,5,24000,HLT_PFJet60_v4/6,ONE,L1_SingleJet35/4000
273143,1,6,2000,HLT_PFJet60_v4/1,ONE,L1_SingleJet35/2000
273145,1,6,2000,HLT_PFJet60_v4/1,ONE,L1_SingleJet35/2000
273142,1,6,2000,HLT_PFJet60_v4/1,ONE,L1_SingleJet35/2000
273146,1,6,12000,HLT_PFJet60_v4/6,ONE,L1_SingleJet35/2000
273158,1,5,24000,HLT_PFJet60_v4/6,ONE,L1_SingleJet35/4000
273158,16,6,12000,HLT_PFJet60_v4/6,ONE,L1_SingleJet35/2000
273158,31,5,24000,HLT_PFJet60_v4/6,ONE,L1_SingleJet35/4000
273276,1,0,0,HLT_PFJet60_v4/1,ONE,L1_SingleJet35/0
253887,43,11,2000,HLT_PFJet60_v2/1,ONE,L1_SingleJet36/2000
254279,1,1,320000,HLT_PFJet60_v2/4,ONE,L1_SingleJet36/80000
254279,5,11,2000,HLT_PFJet60_v2/1,ONE,L1_SingleJet36/2000
254279,9,1,320000,HLT_PFJet60_v2/4,ONE,L1_SingleJet36/80000
254279,10,11,2000,HLT_PFJet60_v2/1,ONE,L1_SingleJet36/2000
256842,1,1,1048556,HLT_PFJet60_v3/4,ONE,L1_SingleJet36/262139
256842,6,5,6000,HLT_PFJet60_v3/2,ONE,L1_SingleJet36/3000
258742,1,4,60000,HLT_PFJet60_v3/12,ONE,L1_SingleJet36/5000
258749,1,4,60000,HLT_PFJet60_v3/12,ONE,L1_SingleJet36/5000
258959,1,1,262139,HLT_PFJet60_v3/1,ONE,L1_SingleJet36/262139
258959,12,5,36000,HLT_PFJet60_v3/12,ONE,L1_SingleJet36/3000
272681,1,0,0,HLT_PFJet60_v4/1,ONE,L1_SingleJet35/0
272681,10,1,20000,HLT_PFJet60_v4/1,ONE,L1_SingleJet35/20000
272682,1,0,0,HLT_PFJet60_v4/1,ONE,L1_SingleJet35/0
272680,1,11,2400,HLT_PFJet60_v4/12,ONE,L1_SingleJet35/200
272680,12,6,24000,HLT_PFJet60_v4/12,ONE,L1_SingleJet35/2000
272728,1,0,0,HLT_PFJet60_v4/1,ONE,L1_SingleJet35/0
272728,57,12,0,HLT_PFJet60_v4/1,ONE,L1_SingleJet35/0
272728,103,11,2400,HLT_PFJet60_v4/12,ONE,L1_SingleJet35/200
272729,1,11,2400,HLT_PFJet60_v4/12,ONE,L1_SingleJet35/200
272746,1,0,0,HLT_PFJet60_v4/1,ONE,L1_SingleJet35/0
272747,1,0,0,HLT_PFJet60_v4/1,ONE,L1_SingleJet35/0
272748,1,0,0,HLT_PFJet60_v4/1,ONE,L1_SingleJet35/0
272748,8,11,2400,HLT_PFJet60_v4/12,ONE,L1_SingleJet35/200
272750,1,11,2400,HLT_PFJet60_v4/12,ONE,L1_SingleJet35/200
272762,1,11,2400,HLT_PFJet60_v4/12,ONE,L1_SingleJet35/200
272786,1,11,2400,HLT_PFJet60_v4/12,ONE,L1_SingleJet35/200
272787,1,11,2400,HLT_PFJet60_v4/12,ONE,L1_SingleJet35/200
272782,1,0,0,HLT_PFJet60_v4/1,ONE,L1_SingleJet35/0
272782,47,10,4800,HLT_PFJet60_v4/12,ONE,L1_SingleJet35/400
272785,1,11,2400,HLT_PFJet60_v4/12,ONE,L1_SingleJet35/200
272784,1,11,2400,HLT_PFJet60_v4/12,ONE,L1_SingleJet35/200
272783,1,10,4800,HLT_PFJet60_v4/12,ONE,L1_SingleJet35/400
272798,1,9,8400,HLT_PFJet60_v4/12,ONE,L1_SingleJet35/700
272798,89,10,4800,HLT_PFJet60_v4/12,ONE,L1_SingleJet35/400
272791,1,0,0,HLT_PFJet60_v4/1,ONE,L1_SingleJet35/0
272791,20,11,2400,HLT_PFJet60_v4/12,ONE,L1_SingleJet35/200
272809,1,0,0,HLT_PFJet60_v4/1,ONE,L1_SingleJet35/0
272814,1,0,0,HLT_PFJet60_v4/1,ONE,L1_SingleJet35/0
272818,1,7,18000,HLT_PFJet60_v4/12,ONE,L1_SingleJet35/1500
272807,1,0,0,HLT_PFJet60_v4/1,ONE,L1_SingleJet35/0
272812,1,6,24000,HLT_PFJet60_v4/12,ONE,L1_SingleJet35/2000
272816,1,7,18000,HLT_PFJet60_v4/12,ONE,L1_SingleJet35/1500
272811,1,6,24000,HLT_PFJet60_v4/12,ONE,L1_SingleJet35/2000
272815,1,0,0,HLT_PFJet60_v4/1,ONE,L1_SingleJet35/0
272815,5,7,18000,HLT_PFJet60_v4/12,ONE,L1_SingleJet35/1500
254282,6,1,320000,HLT_PFJet60_v2/4,ONE,L1_SingleJet36/80000
254282,9,11,2000,HLT_PFJet60_v2/1,ONE,L1_SingleJet36/2000
254289,1,10,4000,HLT_PFJet60_v2/2,ONE,L1_SingleJet36/2000
256935,1,1,1048556,HLT_PFJet60_v3/4,ONE,L1_SingleJet36/262139
256935,2,5,6000,HLT_PFJet60_v3/2,ONE,L1_SingleJet36/3000
256936,1,5,6000,HLT_PFJet60_v3/2,ONE,L1_SingleJet36/3000
256941,1,5,6000,HLT_PFJet60_v3/2,ONE,L1_SingleJet36/3000
257024,1,1,1048556,HLT_PFJet60_v3/4,ONE,L1_SingleJet36/262139
257398,1,5,6000,HLT_PFJet60_v3/2,ONE,L1_SingleJet36/3000
257399,1,5,6000,HLT_PFJet60_v3/2,ONE,L1_SingleJet36/3000
257460,1,1,1048556,HLT_PFJet60_v3/4,ONE,L1_SingleJet36/262139
257490,1,5,6000,HLT_PFJet60_v3/2,ONE,L1_SingleJet36/3000
257529,1,1,1048556,HLT_PFJet60_v3/4,ONE,L1_SingleJet36/262139
257529,4,5,6000,HLT_PFJet60_v3/2,ONE,L1_SingleJet36/3000
257529,11,1,1048556,HLT_PFJet60_v3/4,ONE,L1_SingleJet36/262139
257529,12,5,6000,HLT_PFJet60_v3/2,ONE,L1_SingleJet36/3000
257598,1,5,6000,HLT_PFJet60_v3/2,ONE,L1_SingleJet36/3000
257599,2,5,6000,HLT_PFJet60_v3/2,ONE,L1_SingleJet36/3000
258335,1,5,36000,HLT_PFJet60_v3/12,ONE,L1_SingleJet36/3000
258403,1,1,262139,HLT_PFJet60_v3/1,ONE,L1_SingleJet36/262139
258403,9,5,36000,HLT_PFJet60_v3/12,ONE,L1_SingleJet36/3000
258403,18,1,262139,HLT_PFJet60_v3/1,ONE,L1_SingleJet36/262139
258403,19,5,36000,HLT_PFJet60_v3/12,ONE,L1_SingleJet36/3000
258423,1,5,36000,HLT_PFJet60_v3/12,ONE,L1_SingleJet36/3000
258425,1,5,36000,HLT_PFJet60_v3/12,ONE,L1_SingleJet36/3000
258427,1,5,36000,HLT_PFJet60_v3/12,ONE,L1_SingleJet36/3000
258428,1,5,36000,HLT_PFJet60_v3/12,ONE,L1_SingleJet36/3000
258703,1,4,60000,HLT_PFJet60_v3/12,ONE,L1_SingleJet36/5000
258703,262,5,36000,HLT_PFJet60_v3/12,ONE,L1_SingleJet36/3000
260583,1,1,262139,HLT_PFJet60_v4/1,ONE,L1_SingleJet36/262139
260583,3,4,60000,HLT_PFJet60_v4/12,ONE,L1_SingleJet36/5000
254230,1,1,80000,HLT_PFJet60_v2/1,ONE,L1_SingleJet36/80000
254230,21,11,2000,HLT_PFJet60_v2/1,ONE,L1_SingleJet36/2000
254232,1,11,2000,HLT_PFJet60_v2/1,ONE,L1_SingleJet36/2000
256629,1,5,6000,HLT_PFJet60_v3/2,ONE,L1_SingleJet36/3000
256630,1,5,6000,HLT_PFJet60_v3/2,ONE,L1_SingleJet36/3000
256672,1,1,1048556,HLT_PFJet60_v3/4,ONE,L1_SingleJet36/262139
256672,7,5,6000,HLT_PFJet60_v3/2,ONE,L1_SingleJet36/3000
256673,1,5,6000,HLT_PFJet60_v3/2,ONE,L1_SingleJet36/3000
251522,1,6,262139,HLT_PFJet60_v2/1,ONE,L1_SingleJet36/262139
251523,1,6,262139,HLT_PFJet60_v2/1,ONE,L1_SingleJet36/262139
251559,1,10,0,HLT_PFJet60_v2/0,ONE,L1_SingleJet36/65537
251559,65,6,262139,HLT_PFJet60_v2/1,ONE,L1_SingleJet36/262139
251560,1,6,262139,HLT_PFJet60_v2/1,ONE,L1_SingleJet36/262139
251561,1,6,262139,HLT_PFJet60_v2/1,ONE,L1_SingleJet36/262139
251612,1,10,0,HLT_PFJet60_v2/0,ONE,L1_SingleJet36/65537
251612,11,6,262139,HLT_PFJet60_v2/1,ONE,L1_SingleJet36/262139
251636,1,10,65537,HLT_PFJet60_v2/1,ONE,L1_SingleJet36/65537
251640,1,5,262139,HLT_PFJet60_v2/1,ONE,L1_SingleJet36/262139
254293,1,10,4000,HLT_PFJet60_v2/2,ONE,L1_SingleJet36/2000
254294,1,10,4000,HLT_PFJet60_v2/2,ONE,L1_SingleJet36/2000
254308,1,11,2000,HLT_PFJet60_v2/1,ONE,L1_SingleJet36/2000
254310,1,11,2000,HLT_PFJet60_v2/1,ONE,L1_SingleJet36/2000
254362,1,9,6000,HLT_PFJet60_v2/3,ONE,L1_SingleJet36/2000
257027,1,5,6000,HLT_PFJet60_v3/2,ONE,L1_SingleJet36/3000
257397,1,5,6000,HLT_PFJet60_v3/2,ONE,L1_SingleJet36/3000
257400,1,5,6000,HLT_PFJet60_v3/2,ONE,L1_SingleJet36/3000
257824,1,5,6000,HLT_PFJet60_v3/2,ONE,L1_SingleJet36/3000
258310,1,1,262139,HLT_PFJet60_v3/1,ONE,L1_SingleJet36/262139
272023,1,0,0,HLT_PFJet60_v4/1,ONE,L1_SingleJet35/0
272023,2,0,0,HLT_PFJet60_v4/1,ONE,L1_SingleJet35/0
251121,1,10,65537,HLT_PFJet60_v2/1,ONE,L1_SingleJet36/65537
253947,1,11,2000,HLT_PFJet60_v2/1,ONE,L1_SingleJet36/2000
253948,1,11,2000,HLT_PFJet60_v2/1,ONE,L1_SingleJet36/2000
253950,1,11,2000,HLT_PFJet60_v2/1,ONE,L1_SingleJet36/2000
253954,1,1,320000,HLT_PFJet60_v2/4,ONE,L1_SingleJet36/80000
253954,6,11,2000,HLT_PFJet60_v2/1,ONE,L1_SingleJet36/2000
254226,18,11,2000,HLT_PFJet60_v2/1,ONE,L1_SingleJet36/2000
254290,1,10,4000,HLT_PFJet60_v2/2,ONE,L1_SingleJet36/2000
254292,1,10,4000,HLT_PFJet60_v2/2,ONE,L1_SingleJet36/2000
254306,1,1,320000,HLT_PFJet60_v2/4,ONE,L1_SingleJet36/80000
254306,7,11,2000,HLT_PFJet60_v2/1,ONE,L1_SingleJet36/2000
254306,10,1,320000,HLT_PFJet60_v2/4,ONE,L1_SingleJet36/80000
254306,11,11,2000,HLT_PFJet60_v2/1,ONE,L1_SingleJet36/2000
254307,1,11,2000,HLT_PFJet60_v2/1,ONE,L1_SingleJet36/2000
257805,1,5,6000,HLT_PFJet60_v3/2,ONE,L1_SingleJet36/3000
259636,1,1,262139,HLT_PFJet60_v4/1,ONE,L1_SingleJet36/262139
259636,2,4,60000,HLT_PFJet60_v4/12,ONE,L1_SingleJet36/5000
259636,6,1,262139,HLT_PFJet60_v4/1,ONE,L1_SingleJet36/262139
259636,7,4,60000,HLT_PFJet60_v4/12,ONE,L1_SingleJet36/5000
259636,51,5,36000,HLT_PFJet60_v4/12,ONE,L1_SingleJet36/3000
259637,1,1,262139,HLT_PFJet60_v4/1,ONE,L1_SingleJet36/262139
259637,4,5,36000,HLT_PFJet60_v4/12,ONE,L1_SingleJet36/3000
259686,1,5,36000,HLT_PFJet60_v4/12,ONE,L1_SingleJet36/3000
259683,1,4,60000,HLT_PFJet60_v4/12,ONE,L1_SingleJet36/5000
259685,1,4,60000,HLT_PFJet60_v4/12,ONE,L1_SingleJet36/5000
259685,400,5,36000,HLT_PFJet60_v4/12,ONE,L1_SingleJet36/3000
259682,1,4,60000,HLT_PFJet60_v4/12,ONE,L1_SingleJet36/5000
259681,1,1,262139,HLT_PFJet60_v4/1,ONE,L1_SingleJet36/262139
259681,5,4,60000,HLT_PFJet60_v4/12,ONE,L1_SingleJet36/5000
260533,1,5,36000,HLT_PFJet60_v4/12,ONE,L1_SingleJet36/3000
260534,1,5,36000,HLT_PFJet60_v4/12,ONE,L1_SingleJet36/3000
260538,1,5,36000,HLT_PFJet60_v4/12,ONE,L1_SingleJet36/3000
260532,1,4,60000,HLT_PFJet60_v4/12,ONE,L1_SingleJet36/5000
260532,686,5,36000,HLT_PFJet60_v4/12,ONE,L1_SingleJet36/3000
260510,1,12,262139,HLT_PFJet60_v4/1,ONE,L1_SingleJet36/262139
260510,19,0,262139,HLT_PFJet60_v4/1,ONE,L1_SingleJet36/262139
260528,1,0,262139,HLT_PFJet60_v4/1,ONE,L1_SingleJet36/262139
260540,1,5,36000,HLT_PFJet60_v4/12,ONE,L1_SingleJet36/3000
260536,1,5,36000,HLT_PFJet60_v4/12,ONE,L1_SingleJet36/3000
260507,1,12,262139,HLT_PFJet60_v4/1,ONE,L1_SingleJet36/262139
260541,1,5,36000,HLT_PFJet60_v4/12,ONE,L1_SingleJet36/3000
260527,1,0,262139,HLT_PFJet60_v4/1,ONE,L1_SingleJet36/262139
260593,1,1,262139,HLT_PFJet60_v4/1,ONE,L1_SingleJet36/262139
260593,3,4,60000,HLT_PFJet60_v4/12,ONE,L1_SingleJet36/5000
260593,7,1,262139,HLT_PFJet60_v4/1,ONE,L1_SingleJet36/262139
260593,8,4,60000,HLT_PFJet60_v4/12,ONE,L1_SingleJet36/5000
260727,1,1,262139,HLT_PFJet60_v4/1,ONE,L1_SingleJet36/262139
260722,None,None,1,HLT_PFJet60_v4,ONE,L1_SingleJet36
260723,None,None,1,HLT_PFJet60_v4,ONE,L1_SingleJet36
251637,1,10,65537,HLT_PFJet60_v2/1,ONE,L1_SingleJet36/65537
251638,1,10,0,HLT_PFJet60_v2/0,ONE,L1_SingleJet36/65537
251638,6,5,262139,HLT_PFJet60_v2/1,ONE,L1_SingleJet36/262139
251638,8,10,0,HLT_PFJet60_v2/0,ONE,L1_SingleJet36/65537
251638,9,5,262139,HLT_PFJet60_v2/1,ONE,L1_SingleJet36/262139
251643,1,5,262139,HLT_PFJet60_v2/1,ONE,L1_SingleJet36/262139
251721,1,1,262139,HLT_PFJet60_v2/1,ONE,L1_SingleJet36/262139
251721,3,5,262139,HLT_PFJet60_v2/1,ONE,L1_SingleJet36/262139
251721,90,9,1250,HLT_PFJet60_v2/1250,ONE,L1_SingleJet36/1
251721,98,8,1250,HLT_PFJet60_v2/1250,ONE,L1_SingleJet36/1
251864,1,1,262139,HLT_PFJet60_v2/1,ONE,L1_SingleJet36/262139
251864,20,5,262139,HLT_PFJet60_v2/1,ONE,L1_SingleJet36/262139
252126,5,1,262139,HLT_PFJet60_v2/1,ONE,L1_SingleJet36/262139
252126,6,0,262139,HLT_PFJet60_v2/1,ONE,L1_SingleJet36/262139
252126,31,5,262139,HLT_PFJet60_v2/1,ONE,L1_SingleJet36/262139
253886,8,1,80000,HLT_PFJet60_v2/1,ONE,L1_SingleJet36/80000
253886,11,11,2000,HLT_PFJet60_v2/1,ONE,L1_SingleJet36/2000
253888,76,11,2000,HLT_PFJet60_v2/1,ONE,L1_SingleJet36/2000
253890,104,11,2000,HLT_PFJet60_v2/1,ONE,L1_SingleJet36/2000
253890,161,10,4000,HLT_PFJet60_v2/2,ONE,L1_SingleJet36/2000
253890,204,9,6000,HLT_PFJet60_v2/3,ONE,L1_SingleJet36/2000
253890,240,8,10000,HLT_PFJet60_v2/2,ONE,L1_SingleJet36/5000
253890,253,11,2000,HLT_PFJet60_v2/1,ONE,L1_SingleJet36/2000
253943,1,1,320000,HLT_PFJet60_v2/4,ONE,L1_SingleJet36/80000
254368,1,9,6000,HLT_PFJet60_v2/3,ONE,L1_SingleJet36/2000
254453,1,8,10000,HLT_PFJet60_v2/2,ONE,L1_SingleJet36/5000
254530,1,1,320000,HLT_PFJet60_v2/4,ONE,L1_SingleJet36/80000
254530,4,7,15000,HLT_PFJet60_v2/3,ONE,L1_SingleJet36/5000
254530,6,1,320000,HLT_PFJet60_v2/4,ONE,L1_SingleJet36/80000
254530,7,7,15000,HLT_PFJet60_v2/3,ONE,L1_SingleJet36/5000
254532,1,7,15000,HLT_PFJet60_v2/3,ONE,L1_SingleJet36/5000
254852,1,1,320000,HLT_PFJet60_v2/4,ONE,L1_SingleJet36/80000
254852,55,7,15000,HLT_PFJet60_v2/3,ONE,L1_SingleJet36/5000
259626,1,1,262139,HLT_PFJet60_v3/1,ONE,L1_SingleJet36/262139
259626,98,6,18000,HLT_PFJet60_v3/12,ONE,L1_SingleJet36/1500
259811,1,5,36000,HLT_PFJet60_v4/12,ONE,L1_SingleJet36/3000
259820,1,5,36000,HLT_PFJet60_v4/12,ONE,L1_SingleJet36/3000
259820,16,4,60000,HLT_PFJet60_v4/12,ONE,L1_SingleJet36/5000
259820,18,5,36000,HLT_PFJet60_v4/12,ONE,L1_SingleJet36/3000
259820,19,4,60000,HLT_PFJet60_v4/12,ONE,L1_SingleJet36/5000
259820,87,5,36000,HLT_PFJet60_v4/12,ONE,L1_SingleJet36/3000
259818,1,5,36000,HLT_PFJet60_v4/12,ONE,L1_SingleJet36/3000
259821,1,5,36000,HLT_PFJet60_v4/12,ONE,L1_SingleJet36/3000
259810,1,4,60000,HLT_PFJet60_v4/12,ONE,L1_SingleJet36/5000
259810,112,5,36000,HLT_PFJet60_v4/12,ONE,L1_SingleJet36/3000
259810,227,4,5000,HLT_PFJet60_v4/1,ONE,L1_SingleJet36/5000
259812,1,5,36000,HLT_PFJet60_v4/12,ONE,L1_SingleJet36/3000
259813,1,5,36000,HLT_PFJet60_v4/12,ONE,L1_SingleJet36/3000
259809,1,4,60000,HLT_PFJet60_v4/12,ONE,L1_SingleJet36/5000
259817,1,5,36000,HLT_PFJet60_v4/12,ONE,L1_SingleJet36/3000
259822,1,5,36000,HLT_PFJet60_v4/12,ONE,L1_SingleJet36/3000
259822,75,4,60000,HLT_PFJet60_v4/12,ONE,L1_SingleJet36/5000
259822,232,5,36000,HLT_PFJet60_v4/12,ONE,L1_SingleJet36/3000
259822,233,4,60000,HLT_PFJet60_v4/12,ONE,L1_SingleJet36/5000
251164,7,7,262139,HLT_PFJet60_v2/1,ONE,L1_SingleJet36/262139
251251,1,1,262139,HLT_PFJet60_v2/1,ONE,L1_SingleJet36/262139
251251,2,7,262139,HLT_PFJet60_v2/1,ONE,L1_SingleJet36/262139
253944,1,1,320000,HLT_PFJet60_v2/4,ONE,L1_SingleJet36/80000
253944,10,11,2000,HLT_PFJet60_v2/1,ONE,L1_SingleJet36/2000
254231,1,11,2000,HLT_PFJet60_v2/1,ONE,L1_SingleJet36/2000
254607,1,1,320000,HLT_PFJet60_v2/4,ONE,L1_SingleJet36/80000
254607,6,7,15000,HLT_PFJet60_v2/3,ONE,L1_SingleJet36/5000
256734,1,5,6000,HLT_PFJet60_v3/2,ONE,L1_SingleJet36/3000
256843,1,5,6000,HLT_PFJet60_v3/2,ONE,L1_SingleJet36/3000
257645,1,5,6000,HLT_PFJet60_v3/2,ONE,L1_SingleJet36/3000
257825,1,5,6000,HLT_PFJet60_v3/2,ONE,L1_SingleJet36/3000
258125,1,1,262139,HLT_PFJet60_v3/1,ONE,L1_SingleJet36/262139
258692,1,4,60000,HLT_PFJet60_v3/12,ONE,L1_SingleJet36/5000
258694,1,4,60000,HLT_PFJet60_v3/12,ONE,L1_SingleJet36/5000
258705,1,5,36000,HLT_PFJet60_v3/12,ONE,L1_SingleJet36/3000
258706,1,5,36000,HLT_PFJet60_v3/12,ONE,L1_SingleJet36/3000
258712,1,5,36000,HLT_PFJet60_v3/12,ONE,L1_SingleJet36/3000
258713,1,5,36000,HLT_PFJet60_v3/12,ONE,L1_SingleJet36/3000
258714,1,5,36000,HLT_PFJet60_v3/12,ONE,L1_SingleJet36/3000
258741,1,4,60000,HLT_PFJet60_v3/12,ONE,L1_SingleJet36/5000
259884,1,1,262139,HLT_PFJet60_v4/1,ONE,L1_SingleJet36/262139
259884,11,5,36000,HLT_PFJet60_v4/12,ONE,L1_SingleJet36/3000
259884,41,4,60000,HLT_PFJet60_v4/12,ONE,L1_SingleJet36/5000
259884,82,5,36000,HLT_PFJet60_v4/12,ONE,L1_SingleJet36/3000
259884,115,4,60000,HLT_PFJet60_v4/12,ONE,L1_SingleJet36/5000
259891,1,5,36000,HLT_PFJet60_v4/12,ONE,L1_SingleJet36/3000
259890,1,4,60000,HLT_PFJet60_v4/12,ONE,L1_SingleJet36/5000
259890,23,5,36000,HLT_PFJet60_v4/12,ONE,L1_SingleJet36/3000
251781,1,1,262139,HLT_PFJet60_v2/1,ONE,L1_SingleJet36/262139
251781,16,5,262139,HLT_PFJet60_v2/1,ONE,L1_SingleJet36/262139
252102,1,1,262139,HLT_PFJet60_v2/1,ONE,L1_SingleJet36/262139
252102,3,5,262139,HLT_PFJet60_v2/1,ONE,L1_SingleJet36/262139
252116,1,5,262139,HLT_PFJet60_v2/1,ONE,L1_SingleJet36/262139
252116,34,6,262139,HLT_PFJet60_v2/1,ONE,L1_SingleJet36/262139
252116,43,9,262139,HLT_PFJet60_v2/1,ONE,L1_SingleJet36/262139
252116,91,5,262139,HLT_PFJet60_v2/1,ONE,L1_SingleJet36/262139
254459,1,8,10000,HLT_PFJet60_v2/2,ONE,L1_SingleJet36/5000
254512,1,7,15000,HLT_PFJet60_v2/3,ONE,L1_SingleJet36/5000
256727,1,5,6000,HLT_PFJet60_v3/2,ONE,L1_SingleJet36/3000
256796,1,1,262139,HLT_PFJet60_v3/1,ONE,L1_SingleJet36/262139
256798,1,5,6000,HLT_PFJet60_v3/2,ONE,L1_SingleJet36/3000
257025,1,1,262139,HLT_PFJet60_v3/1,ONE,L1_SingleJet36/262139
258445,1,5,36000,HLT_PFJet60_v3/12,ONE,L1_SingleJet36/3000
258655,1,1,262139,HLT_PFJet60_v3/1,ONE,L1_SingleJet36/262139
258655,6,5,36000,HLT_PFJet60_v3/12,ONE,L1_SingleJet36/3000
258655,10,4,60000,HLT_PFJet60_v3/12,ONE,L1_SingleJet36/5000
258702,1,4,60000,HLT_PFJet60_v3/12,ONE,L1_SingleJet36/5000
251642,1,5,262139,HLT_PFJet60_v2/1,ONE,L1_SingleJet36/262139
251883,1,1,262139,HLT_PFJet60_v2/1,ONE,L1_SingleJet36/262139
251883,6,5,262139,HLT_PFJet60_v2/1,ONE,L1_SingleJet36/262139
251883,70,6,262139,HLT_PFJet60_v2/1,ONE,L1_SingleJet36/262139
253951,5,11,2000,HLT_PFJet60_v2/1,ONE,L1_SingleJet36/2000
254227,1,11,2000,HLT_PFJet60_v2/1,ONE,L1_SingleJet36/2000
254285,65,11,2000,HLT_PFJet60_v2/1,ONE,L1_SingleJet36/2000
254285,296,10,4000,HLT_PFJet60_v2/2,ONE,L1_SingleJet36/2000
254316,127,11,2000,HLT_PFJet60_v2/1,ONE,L1_SingleJet36/2000
254319,53,11,2000,HLT_PFJet60_v2/1,ONE,L1_SingleJet36/2000
254331,6,1,80000,HLT_PFJet60_v2/1,ONE,L1_SingleJet36/80000
254332,12,1,320000,HLT_PFJet60_v2/4,ONE,L1_SingleJet36/80000
254332,14,12,262139,HLT_PFJet60_v2/1,ONE,L1_SingleJet36/262139
254332,73,11,2000,HLT_PFJet60_v2/1,ONE,L1_SingleJet36/2000
254341,1,9,6000,HLT_PFJet60_v2/3,ONE,L1_SingleJet36/2000
254342,1,9,6000,HLT_PFJet60_v2/3,ONE,L1_SingleJet36/2000
254349,6,12,262139,HLT_PFJet60_v2/1,ONE,L1_SingleJet36/262139
254349,44,9,6000,HLT_PFJet60_v2/3,ONE,L1_SingleJet36/2000
254367,1,9,6000,HLT_PFJet60_v2/3,ONE,L1_SingleJet36/2000
254451,1,8,10000,HLT_PFJet60_v2/2,ONE,L1_SingleJet36/5000
254454,1,8,10000,HLT_PFJet60_v2/2,ONE,L1_SingleJet36/5000
254455,1,8,5000,HLT_PFJet60_v2/1,ONE,L1_SingleJet36/5000
254456,1,8,10000,HLT_PFJet60_v2/2,ONE,L1_SingleJet36/5000
254457,1,8,10000,HLT_PFJet60_v2/2,ONE,L1_SingleJet36/5000
254511,1,1,320000,HLT_PFJet60_v2/4,ONE,L1_SingleJet36/80000
254511,7,7,15000,HLT_PFJet60_v2/3,ONE,L1_SingleJet36/5000
254907,1,6,20000,HLT_PFJet60_v2/1,ONE,L1_SingleJet36/20000
256677,1,5,6000,HLT_PFJet60_v3/2,ONE,L1_SingleJet36/3000
256728,1,5,6000,HLT_PFJet60_v3/2,ONE,L1_SingleJet36/3000
256729,1,5,6000,HLT_PFJet60_v3/2,ONE,L1_SingleJet36/3000
256733,1,5,3000,HLT_PFJet60_v3/1,ONE,L1_SingleJet36/3000
257393,1,5,3000,HLT_PFJet60_v3/1,ONE,L1_SingleJet36/3000
257395,1,5,6000,HLT_PFJet60_v3/2,ONE,L1_SingleJet36/3000
257396,1,5,6000,HLT_PFJet60_v3/2,ONE,L1_SingleJet36/3000
257531,1,5,6000,HLT_PFJet60_v3/2,ONE,L1_SingleJet36/3000
257611,1,5,6000,HLT_PFJet60_v3/2,ONE,L1_SingleJet36/3000
257614,1,5,6000,HLT_PFJet60_v3/2,ONE,L1_SingleJet36/3000
257644,1,5,6000,HLT_PFJet60_v3/2,ONE,L1_SingleJet36/3000
257732,2,6,1500,HLT_PFJet60_v3/1,ONE,L1_SingleJet36/1500
257748,1,5,6000,HLT_PFJet60_v3/2,ONE,L1_SingleJet36/3000
257818,1,5,3000,HLT_PFJet60_v3/1,ONE,L1_SingleJet36/3000
257969,1,5,36000,HLT_PFJet60_v3/12,ONE,L1_SingleJet36/3000
258126,1,1,262139,HLT_PFJet60_v3/1,ONE,L1_SingleJet36/262139
258136,1,5,36000,HLT_PFJet60_v3/12,ONE,L1_SingleJet36/3000
258311,1,5,3000,HLT_PFJet60_v3/1,ONE,L1_SingleJet36/3000
258745,1,4,60000,HLT_PFJet60_v3/12,ONE,L1_SingleJet36/5000
260373,1,6,18000,HLT_PFJet60_v4/12,ONE,L1_SingleJet36/1500
260371,1,0,262139,HLT_PFJet60_v4/1,ONE,L1_SingleJet36/262139
260366,1,1,262139,HLT_PFJet60_v4/1,ONE,L1_SingleJet36/262139
251496,1,6,262139,HLT_PFJet60_v2/1,ONE,L1_SingleJet36/262139
251496,227,7,262139,HLT_PFJet60_v2/1,ONE,L1_SingleJet36/262139
251496,243,6,262139,HLT_PFJet60_v2/1,ONE,L1_SingleJet36/262139
251497,1,6,262139,HLT_PFJet60_v2/1,ONE,L1_SingleJet36/262139
251498,1,6,262139,HLT_PFJet60_v2/1,ONE,L1_SingleJet36/262139
251500,1,6,262139,HLT_PFJet60_v2/1,ONE,L1_SingleJet36/262139
257721,1,1,1048556,HLT_PFJet60_v3/4,ONE,L1_SingleJet36/262139
257721,23,6,1500,HLT_PFJet60_v3/1,ONE,L1_SingleJet36/1500
257722,1,6,1500,HLT_PFJet60_v3/1,ONE,L1_SingleJet36/1500
257723,1,6,1500,HLT_PFJet60_v3/1,ONE,L1_SingleJet36/1500
257735,1,1,1048556,HLT_PFJet60_v3/4,ONE,L1_SingleJet36/262139
257735,3,6,1500,HLT_PFJet60_v3/1,ONE,L1_SingleJet36/1500
257735,4,1,1048556,HLT_PFJet60_v3/4,ONE,L1_SingleJet36/262139
257735,5,6,1500,HLT_PFJet60_v3/1,ONE,L1_SingleJet36/1500
257750,1,5,3000,HLT_PFJet60_v3/1,ONE,L1_SingleJet36/3000
257819,1,5,6000,HLT_PFJet60_v3/2,ONE,L1_SingleJet36/3000
257822,1,5,6000,HLT_PFJet60_v3/2,ONE,L1_SingleJet36/3000
259857,1,1,262139,HLT_PFJet60_v4/1,ONE,L1_SingleJet36/262139
259857,3,4,60000,HLT_PFJet60_v4/12,ONE,L1_SingleJet36/5000
259861,1,4,60000,HLT_PFJet60_v4/12,ONE,L1_SingleJet36/5000
259862,1,4,60000,HLT_PFJet60_v4/12,ONE,L1_SingleJet36/5000
259862,271,5,36000,HLT_PFJet60_v4/12,ONE,L1_SingleJet36/3000
259859,1,4,5000,HLT_PFJet60_v4/1,ONE,L1_SingleJet36/5000
251162,32,10,0,HLT_PFJet60_v2/0,ONE,L1_SingleJet36/65537
251162,46,5,262139,HLT_PFJet60_v2/1,ONE,L1_SingleJet36/262139
251162,52,7,262139,HLT_PFJet60_v2/1,ONE,L1_SingleJet36/262139
251168,1,7,262139,HLT_PFJet60_v2/1,ONE,L1_SingleJet36/262139
251244,1,10,0,HLT_PFJet60_v2/0,ONE,L1_SingleJet36/65537
251244,8,7,262139,HLT_PFJet60_v2/1,ONE,L1_SingleJet36/262139
251491,1,10,0,HLT_PFJet60_v2/0,ONE,L1_SingleJet36/65537
251716,1,1,262139,HLT_PFJet60_v2/1,ONE,L1_SingleJet36/262139
254309,1,11,2000,HLT_PFJet60_v2/1,ONE,L1_SingleJet36/2000
254313,10,11,2000,HLT_PFJet60_v2/1,ONE,L1_SingleJet36/2000
254314,42,11,2000,HLT_PFJet60_v2/1,ONE,L1_SingleJet36/2000
254315,72,11,2000,HLT_PFJet60_v2/1,ONE,L1_SingleJet36/2000
254317,1,11,2000,HLT_PFJet60_v2/1,ONE,L1_SingleJet36/2000
254318,24,11,2000,HLT_PFJet60_v2/1,ONE,L1_SingleJet36/2000
254340,1,1,320000,HLT_PFJet60_v2/4,ONE,L1_SingleJet36/80000
254340,7,11,2000,HLT_PFJet60_v2/1,ONE,L1_SingleJet36/2000
254340,13,12,262139,HLT_PFJet60_v2/1,ONE,L1_SingleJet36/262139
254340,42,9,6000,HLT_PFJet60_v2/3,ONE,L1_SingleJet36/2000
256675,1,5,6000,HLT_PFJet60_v3/2,ONE,L1_SingleJet36/3000
256676,1,5,6000,HLT_PFJet60_v3/2,ONE,L1_SingleJet36/3000
256725,1,1,1048556,HLT_PFJet60_v3/4,ONE,L1_SingleJet36/262139
256725,3,5,6000,HLT_PFJet60_v3/2,ONE,L1_SingleJet36/3000
256801,1,5,6000,HLT_PFJet60_v3/2,ONE,L1_SingleJet36/3000
257026,1,1,262139,HLT_PFJet60_v3/1,ONE,L1_SingleJet36/262139
257394,1,5,6000,HLT_PFJet60_v3/2,ONE,L1_SingleJet36/3000
257823,1,5,6000,HLT_PFJet60_v3/2,ONE,L1_SingleJet36/3000
258158,1,5,36000,HLT_PFJet60_v3/12,ONE,L1_SingleJet36/3000
258320,1,5,36000,HLT_PFJet60_v3/12,ONE,L1_SingleJet36/3000
258334,1,1,262139,HLT_PFJet60_v3/1,ONE,L1_SingleJet36/262139
258426,1,5,36000,HLT_PFJet60_v3/12,ONE,L1_SingleJet36/3000
260426,1,4,60000,HLT_PFJet60_v4/12,ONE,L1_SingleJet36/5000
260427,1,4,60000,HLT_PFJet60_v4/12,ONE,L1_SingleJet36/5000
260427,58,5,36000,HLT_PFJet60_v4/12,ONE,L1_SingleJet36/3000
260439,1,5,36000,HLT_PFJet60_v4/12,ONE,L1_SingleJet36/3000
260425,1,4,60000,HLT_PFJet60_v4/12,ONE,L1_SingleJet36/5000
260424,1,4,60000,HLT_PFJet60_v4/12,ONE,L1_SingleJet36/5000
260422,1,4,60000,HLT_PFJet60_v4/12,ONE,L1_SingleJet36/5000
260433,1,5,36000,HLT_PFJet60_v4/12,ONE,L1_SingleJet36/3000
260431,1,5,36000,HLT_PFJet60_v4/12,ONE,L1_SingleJet36/3000
260423,1,4,60000,HLT_PFJet60_v4/12,ONE,L1_SingleJet36/5000
260608,None,None,1,HLT_PFJet60_v4,ONE,L1_SingleJet36
273408,1,5,4000,HLT_PFJet60_v4/1,ONE,L1_SingleJet35/4000
273408,3,6,2000,HLT_PFJet60_v4/1,ONE,L1_SingleJet35/2000
273410,1,6,12000,HLT_PFJet60_v4/6,ONE,L1_SingleJet35/2000
273402,1,0,0,HLT_PFJet60_v4/1,ONE,L1_SingleJet35/0
273402,9,4,96000,HLT_PFJet60_v4/12,ONE,L1_SingleJet35/8000
273402,45,3,144000,HLT_PFJet60_v4/12,ONE,L1_SingleJet35/12000
273402,58,4,96000,HLT_PFJet60_v4/12,ONE,L1_SingleJet35/8000
273402,78,5,24000,HLT_PFJet60_v4/6,ONE,L1_SingleJet35/4000
273402,189,4,96000,HLT_PFJet60_v4/12,ONE,L1_SingleJet35/8000
273402,254,3,144000,HLT_PFJet60_v4/12,ONE,L1_SingleJet35/12000
273403,1,5,24000,HLT_PFJet60_v4/6,ONE,L1_SingleJet35/4000
273405,1,5,24000,HLT_PFJet60_v4/6,ONE,L1_SingleJet35/4000
273407,1,5,4000,HLT_PFJet60_v4/1,ONE,L1_SingleJet35/4000
273409,1,6,12000,HLT_PFJet60_v4/6,ONE,L1_SingleJet35/2000
273412,1,6,12000,HLT_PFJet60_v4/6,ONE,L1_SingleJet35/2000
273406,1,5,24000,HLT_PFJet60_v4/6,ONE,L1_SingleJet35/4000
273411,1,6,12000,HLT_PFJet60_v4/6,ONE,L1_SingleJet35/2000
273404,1,5,24000,HLT_PFJet60_v4/6,ONE,L1_SingleJet35/4000
273554,1,0,0,HLT_PFJet60_v4/1,ONE,L1_SingleJet35/0
273554,62,4,96000,HLT_PFJet60_v4/12,ONE,L1_SingleJet35/8000
273555,1,4,96000,HLT_PFJet60_v4/12,ONE,L1_SingleJet35/8000
273730,1,5,12000,HLT_PFJet60_v4/24,ONE,L1_SingleJet35/500
273730,286,6,3000,HLT_PFJet60_v4/12,ONE,L1_SingleJet35/250
273730,294,5,12000,HLT_PFJet60_v4/24,ONE,L1_SingleJet35/500
273730,1490,6,3000,HLT_PFJet60_v4/12,ONE,L1_SingleJet35/250
273725,1,0,0,HLT_PFJet60_v4/1,ONE,L1_SingleJet35/0
273725,6,5,12000,HLT_PFJet60_v4/24,ONE,L1_SingleJet35/500
273725,108,4,35000,HLT_PFJet60_v4/35,ONE,L1_SingleJet35/1000
273725,1223,5,12000,HLT_PFJet60_v4/24,ONE,L1_SingleJet35/500
273728,1,5,12000,HLT_PFJet60_v4/24,ONE,L1_SingleJet35/500
274317,1,2,2000,HLT_PFJet60_v4/1,ONE,L1_SingleJet35/2000
274315,1,2,140000,HLT_PFJet60_v4/70,ONE,L1_SingleJet35/2000
274319,1,2,140000,HLT_PFJet60_v4/70,ONE,L1_SingleJet35/2000
274314,1,2,140000,HLT_PFJet60_v4/70,ONE,L1_SingleJet35/2000
274316,1,2,140000,HLT_PFJet60_v4/70,ONE,L1_SingleJet35/2000
274318,1,2,140000,HLT_PFJet60_v4/70,ONE,L1_SingleJet35/2000
274373,1,2,140000,HLT_PFJet60_v4/70,ONE,L1_SingleJet35/2000
274421,1,2,140000,HLT_PFJet60_v4/70,ONE,L1_SingleJet35/2000
274422,1,2,140000,HLT_PFJet60_v4/70,ONE,L1_SingleJet35/2000
274422,362,3,75000,HLT_PFJet60_v4/50,ONE,L1_SingleJet35/1500
274422,1158,4,35000,HLT_PFJet60_v4/35,ONE,L1_SingleJet35/1000
274422,1733,5,12000,HLT_PFJet60_v4/24,ONE,L1_SingleJet35/500
274420,1,2,140000,HLT_PFJet60_v4/70,ONE,L1_SingleJet35/2000
274958,1,13,12500,HLT_PFJet60_v5/25,ONE,L1_SingleJet35/500
274959,1,13,12500,HLT_PFJet60_v5/25,ONE,L1_SingleJet35/500
274953,1,2,2000,HLT_PFJet60_v5/1,ONE,L1_SingleJet35/2000
274953,10,5,12500,HLT_PFJet60_v5/25,ONE,L1_SingleJet35/500
274954,1,2,50000,HLT_PFJet60_v5/25,ONE,L1_SingleJet35/2000
274954,30,5,12500,HLT_PFJet60_v5/25,ONE,L1_SingleJet35/500
274955,1,5,12500,HLT_PFJet60_v5/25,ONE,L1_SingleJet35/500
274957,1,2,2000,HLT_PFJet60_v5/1,ONE,L1_SingleJet35/2000
274957,3,5,500,HLT_PFJet60_v5/1,ONE,L1_SingleJet35/500
274957,10,14,0,HLT_PFJet60_v5/1,ONE,L1_SingleJet35/0
274957,13,13,12500,HLT_PFJet60_v5/25,ONE,L1_SingleJet35/500
275832,1,0,62500,HLT_PFJet60_v5/25,ONE,L1_SingleJet35/2500
275832,201,1,55000,HLT_PFJet60_v5/25,ONE,L1_SingleJet35/2200
275846,1,3,1500,HLT_PFJet60_v5/1,ONE,L1_SingleJet35/1500
275834,1,1,55000,HLT_PFJet60_v5/25,ONE,L1_SingleJet35/2200
275834,169,2,50000,HLT_PFJet60_v5/25,ONE,L1_SingleJet35/2000
275835,1,2,50000,HLT_PFJet60_v5/25,ONE,L1_SingleJet35/2000
275841,1,3,30000,HLT_PFJet60_v5/20,ONE,L1_SingleJet35/1500
275837,1,3,30000,HLT_PFJet60_v5/20,ONE,L1_SingleJet35/1500
275828,1,0,62500,HLT_PFJet60_v5/25,ONE,L1_SingleJet35/2500
275836,1,2,50000,HLT_PFJet60_v5/25,ONE,L1_SingleJet35/2000
275836,768,3,30000,HLT_PFJet60_v5/20,ONE,L1_SingleJet35/1500
275829,1,0,62500,HLT_PFJet60_v5/25,ONE,L1_SingleJet35/2500
275831,1,0,62500,HLT_PFJet60_v5/25,ONE,L1_SingleJet35/2500
275833,1,1,55000,HLT_PFJet60_v5/25,ONE,L1_SingleJet35/2200
275838,1,3,30000,HLT_PFJet60_v5/20,ONE,L1_SingleJet35/1500
275847,1,3,30000,HLT_PFJet60_v5/20,ONE,L1_SingleJet35/1500
275847,670,4,25000,HLT_PFJet60_v5/25,ONE,L1_SingleJet35/1000
274249,1,2,140000,HLT_PFJet60_v4/70,ONE,L1_SingleJet35/2000
274251,1,2,140000,HLT_PFJet60_v4/70,ONE,L1_SingleJet35/2000
274251,272,3,75000,HLT_PFJet60_v4/50,ONE,L1_SingleJet35/1500
274250,1,2,140000,HLT_PFJet60_v4/70,ONE,L1_SingleJet35/2000
274278,1,2,140000,HLT_PFJet60_v4/70,ONE,L1_SingleJet35/2000
274334,1,0,0,HLT_PFJet60_v4/1,ONE,L1_SingleJet35/0
274334,4,2,140000,HLT_PFJet60_v4/70,ONE,L1_SingleJet35/2000
274336,1,2,140000,HLT_PFJet60_v4/70,ONE,L1_SingleJet35/2000
274344,1,0,0,HLT_PFJet60_v4/120,ONE,L1_SingleJet35/0
274344,5,3,75000,HLT_PFJet60_v4/50,ONE,L1_SingleJet35/1500
274344,34,4,35000,HLT_PFJet60_v4/35,ONE,L1_SingleJet35/1000
274344,397,5,12000,HLT_PFJet60_v4/24,ONE,L1_SingleJet35/500
274335,1,2,140000,HLT_PFJet60_v4/70,ONE,L1_SingleJet35/2000
274339,1,3,75000,HLT_PFJet60_v4/50,ONE,L1_SingleJet35/1500
274345,1,5,12000,HLT_PFJet60_v4/24,ONE,L1_SingleJet35/500
274337,1,2,140000,HLT_PFJet60_v4/70,ONE,L1_SingleJet35/2000
274338,1,2,140000,HLT_PFJet60_v4/70,ONE,L1_SingleJet35/2000
274338,37,3,75000,HLT_PFJet60_v4/50,ONE,L1_SingleJet35/1500
274382,1,2,140000,HLT_PFJet60_v4/70,ONE,L1_SingleJet35/2000
274889,1,2,70000,HLT_PFJet60_v5/35,ONE,L1_SingleJet35/2000
274917,1,2,50000,HLT_PFJet60_v5/25,ONE,L1_SingleJet35/2000
274909,1,2,50000,HLT_PFJet60_v5/25,ONE,L1_SingleJet35/2000
274904,1,2,50000,HLT_PFJet60_v5/25,ONE,L1_SingleJet35/2000
274895,1,2,50000,HLT_PFJet60_v5/25,ONE,L1_SingleJet35/2000
274888,1,2,2000,HLT_PFJet60_v5/1,ONE,L1_SingleJet35/2000
274913,1,2,50000,HLT_PFJet60_v5/25,ONE,L1_SingleJet35/2000
274905,1,2,50000,HLT_PFJet60_v5/25,ONE,L1_SingleJet35/2000
274894,1,2,70000,HLT_PFJet60_v5/35,ONE,L1_SingleJet35/2000
274999,1,2,50000,HLT_PFJet60_v5/25,ONE,L1_SingleJet35/2000
274999,217,3,30000,HLT_PFJet60_v5/20,ONE,L1_SingleJet35/1500
274998,1,1,55000,HLT_PFJet60_v5/25,ONE,L1_SingleJet35/2200
274998,60,2,50000,HLT_PFJet60_v5/25,ONE,L1_SingleJet35/2000
275000,1,3,30000,HLT_PFJet60_v5/20,ONE,L1_SingleJet35/1500
275001,1,3,30000,HLT_PFJet60_v5/20,ONE,L1_SingleJet35/1500
275001,1085,4,25000,HLT_PFJet60_v5/25,ONE,L1_SingleJet35/1000
275021,1,2,50000,HLT_PFJet60_v5/25,ONE,L1_SingleJet35/2000
275030,1,2,50000,HLT_PFJet60_v5/25,ONE,L1_SingleJet35/2000
275035,1,2,50000,HLT_PFJet60_v5/25,ONE,L1_SingleJet35/2000
275034,1,2,50000,HLT_PFJet60_v5/25,ONE,L1_SingleJet35/2000
275062,1,0,2500,HLT_PFJet60_v5/1,ONE,L1_SingleJet35/2500
275059,1,2,50000,HLT_PFJet60_v5/25,ONE,L1_SingleJet35/2000
275059,66,1,55000,HLT_PFJet60_v5/25,ONE,L1_SingleJet35/2200
275059,88,0,62500,HLT_PFJet60_v5/25,ONE,L1_SingleJet35/2500
275068,1,2,50000,HLT_PFJet60_v5/25,ONE,L1_SingleJet35/2000
275068,825,3,30000,HLT_PFJet60_v5/20,ONE,L1_SingleJet35/1500
275064,1,1,55000,HLT_PFJet60_v5/25,ONE,L1_SingleJet35/2200
275074,1,3,30000,HLT_PFJet60_v5/20,ONE,L1_SingleJet35/1500
275067,1,1,55000,HLT_PFJet60_v5/25,ONE,L1_SingleJet35/2200
275067,287,2,50000,HLT_PFJet60_v5/25,ONE,L1_SingleJet35/2000
275073,1,2,2000,HLT_PFJet60_v5/1,ONE,L1_SingleJet35/2000
275073,7,3,30000,HLT_PFJet60_v5/20,ONE,L1_SingleJet35/1500
275063,1,0,2500,HLT_PFJet60_v5/1,ONE,L1_SingleJet35/2500
275063,9,1,2200,HLT_PFJet60_v5/1,ONE,L1_SingleJet35/2200
275066,1,1,55000,HLT_PFJet60_v5/25,ONE,L1_SingleJet35/2200
275134,1,2,50000,HLT_PFJet60_v5/25,ONE,L1_SingleJet35/2000
275865,1,0,62500,HLT_PFJet60_v5/25,ONE,L1_SingleJet35/2500
275865,41,1,55000,HLT_PFJet60_v5/25,ONE,L1_SingleJet35/2200
273394,None,None,1,HLT_PFJet60_v4,ONE,L1_SingleJet35
273502,1,0,0,HLT_PFJet60_v4/1,ONE,L1_SingleJet35/0
273502,14,5,24000,HLT_PFJet60_v4/6,ONE,L1_SingleJet35/4000
273503,1,5,24000,HLT_PFJet60_v4/6,ONE,L1_SingleJet35/4000
273504,1,0,0,HLT_PFJet60_v4/1,ONE,L1_SingleJet35/0
273523,1,4,6,HLT_PFJet60_v4/6,ONE,L1_SingleJet35/1
273514,1,0,6,HLT_PFJet60_v4/6,ONE,L1_SingleJet35/1
273514,20,4,6,HLT_PFJet60_v4/6,ONE,L1_SingleJet35/1
273526,1,0,1,HLT_PFJet60_v4/1,ONE,L1_SingleJet35/1
273526,7,4,6,HLT_PFJet60_v4/6,ONE,L1_SingleJet35/1
273537,1,4,6,HLT_PFJet60_v4/6,ONE,L1_SingleJet35/1
274102,1,0,1,HLT_PFJet60_v4/1,ONE,L1_SingleJet35/1
274104,1,0,6,HLT_PFJet60_v4/6,ONE,L1_SingleJet35/1
274104,35,2,6,HLT_PFJet60_v4/6,ONE,L1_SingleJet35/1
274103,1,0,1,HLT_PFJet60_v4/1,ONE,L1_SingleJet35/1
274106,1,2,6,HLT_PFJet60_v4/6,ONE,L1_SingleJet35/1
274107,1,0,1,HLT_PFJet60_v4/1,ONE,L1_SingleJet35/1
274108,1,0,6,HLT_PFJet60_v4/6,ONE,L1_SingleJet35/1
274105,1,2,6,HLT_PFJet60_v4/6,ONE,L1_SingleJet35/1
275124,1,2,50000,HLT_PFJet60_v5/25,ONE,L1_SingleJet35/2000
275124,84,1,55000,HLT_PFJet60_v5/25,ONE,L1_SingleJet35/2200
275124,308,2,50000,HLT_PFJet60_v5/25,ONE,L1_SingleJet35/2000
275125,1,2,50000,HLT_PFJet60_v5/25,ONE,L1_SingleJet35/2000
275125,756,3,30000,HLT_PFJet60_v5/20,ONE,L1_SingleJet35/1500
275337,1,2,50000,HLT_PFJet60_v5/25,ONE,L1_SingleJet35/2000
275319,1,2,50000,HLT_PFJet60_v5/25,ONE,L1_SingleJet35/2000
275319,141,1,55000,HLT_PFJet60_v5/25,ONE,L1_SingleJet35/2200
275319,279,2,50000,HLT_PFJet60_v5/25,ONE,L1_SingleJet35/2000
275326,1,2,50000,HLT_PFJet60_v5/25,ONE,L1_SingleJet35/2000
275338,1,2,50000,HLT_PFJet60_v5/25,ONE,L1_SingleJet35/2000
275338,255,3,30000,HLT_PFJet60_v5/20,ONE,L1_SingleJet35/1500
275370,1,2,50000,HLT_PFJet60_v5/25,ONE,L1_SingleJet35/2000
275370,64,1,55000,HLT_PFJet60_v5/25,ONE,L1_SingleJet35/2200
275371,1,1,55000,HLT_PFJet60_v5/25,ONE,L1_SingleJet35/2200
275371,35,2,50000,HLT_PFJet60_v5/25,ONE,L1_SingleJet35/2000
275752,1,0,2500,HLT_PFJet60_v5/1,ONE,L1_SingleJet35/2500
275767,1,1,2200,HLT_PFJet60_v5/1,ONE,L1_SingleJet35/2200
275757,1,0,62500,HLT_PFJet60_v5/25,ONE,L1_SingleJet35/2500
275763,1,0,62500,HLT_PFJet60_v5/25,ONE,L1_SingleJet35/2500
275774,1,1,55000,HLT_PFJet60_v5/25,ONE,L1_SingleJet35/2200
275774,231,2,50000,HLT_PFJet60_v5/25,ONE,L1_SingleJet35/2000
275765,1,1,2200,HLT_PFJet60_v5/1,ONE,L1_SingleJet35/2200
275773,1,1,2200,HLT_PFJet60_v5/1,ONE,L1_SingleJet35/2200
275772,1,1,55000,HLT_PFJet60_v5/25,ONE,L1_SingleJet35/2200
275777,1,2,50000,HLT_PFJet60_v5/25,ONE,L1_SingleJet35/2000
275768,1,1,55000,HLT_PFJet60_v5/25,ONE,L1_SingleJet35/2200
275776,1,2,50000,HLT_PFJet60_v5/25,ONE,L1_SingleJet35/2000
275778,1,2,50000,HLT_PFJet60_v5/25,ONE,L1_SingleJet35/2000
275782,1,0,62500,HLT_PFJet60_v5/25,ONE,L1_SingleJet35/2500
275782,3,3,30000,HLT_PFJet60_v5/20,ONE,L1_SingleJet35/1500
275759,1,0,2500,HLT_PFJet60_v5/1,ONE,L1_SingleJet35/2500
275761,1,0,62500,HLT_PFJet60_v5/25,ONE,L1_SingleJet35/2500
275769,1,1,55000,HLT_PFJet60_v5/25,ONE,L1_SingleJet35/2200
273424,1,0,0,HLT_PFJet60_v4/1,ONE,L1_SingleJet35/0
273424,5,6,12000,HLT_PFJet60_v4/6,ONE,L1_SingleJet35/2000
273425,1,0,0,HLT_PFJet60_v4/1,ONE,L1_SingleJet35/0
273425,7,5,24000,HLT_PFJet60_v4/6,ONE,L1_SingleJet35/4000
273425,53,6,12000,HLT_PFJet60_v4/6,ONE,L1_SingleJet35/2000
273425,60,5,24000,HLT_PFJet60_v4/6,ONE,L1_SingleJet35/4000
273426,1,5,24000,HLT_PFJet60_v4/6,ONE,L1_SingleJet35/4000
273589,1,0,6,HLT_PFJet60_v4/6,ONE,L1_SingleJet35/1
273592,1,0,6,HLT_PFJet60_v4/6,ONE,L1_SingleJet35/1
273590,1,0,6,HLT_PFJet60_v4/6,ONE,L1_SingleJet35/1
274748,1,0,0,HLT_PFJet60_v5/1,ONE,L1_SingleJet35/0
274799,1,0,0,HLT_PFJet60_v5/1,ONE,L1_SingleJet35/0
274733,1,0,0,HLT_PFJet60_v4/1,ONE,L1_SingleJet35/0
274656,None,None,1,HLT_PFJet60_v4,ONE,L1_SingleJet35
274806,1,2,2000,HLT_PFJet60_v5/1,ONE,L1_SingleJet35/2000
274806,10,13,500,HLT_PFJet60_v5/1,ONE,L1_SingleJet35/500
274806,13,10,50,HLT_PFJet60_v5/1,ONE,L1_SingleJet35/50
275310,1,3,30000,HLT_PFJet60_v5/20,ONE,L1_SingleJet35/1500
275310,1931,4,1000,HLT_PFJet60_v5/1,ONE,L1_SingleJet35/1000
275308,1,2,50000,HLT_PFJet60_v5/25,ONE,L1_SingleJet35/2000
275309,1,2,50000,HLT_PFJet60_v5/25,ONE,L1_SingleJet35/2000
275309,379,3,30000,HLT_PFJet60_v5/20,ONE,L1_SingleJet35/1500
273286,1,0,0,HLT_PFJet60_v4/1,ONE,L1_SingleJet35/0
273295,1,6,2000,HLT_PFJet60_v4/1,ONE,L1_SingleJet35/2000
273301,1,5,24000,HLT_PFJet60_v4/6,ONE,L1_SingleJet35/4000
273302,1,5,24000,HLT_PFJet60_v4/6,ONE,L1_SingleJet35/4000
273290,1,0,0,HLT_PFJet60_v4/1,ONE,L1_SingleJet35/0
273290,3,5,24000,HLT_PFJet60_v4/6,ONE,L1_SingleJet35/4000
273290,12,6,2000,HLT_PFJet60_v4/1,ONE,L1_SingleJet35/2000
273291,1,6,12000,HLT_PFJet60_v4/6,ONE,L1_SingleJet35/2000
273292,1,6,12000,HLT_PFJet60_v4/6,ONE,L1_SingleJet35/2000
273296,1,6,12000,HLT_PFJet60_v4/6,ONE,L1_SingleJet35/2000
273296,13,5,24000,HLT_PFJet60_v4/6,ONE,L1_SingleJet35/4000
273287,1,0,0,HLT_PFJet60_v4/1,ONE,L1_SingleJet35/0
273287,43,5,4000,HLT_PFJet60_v4/1,ONE,L1_SingleJet35/4000
273294,1,6,2000,HLT_PFJet60_v4/1,ONE,L1_SingleJet35/2000
273299,1,5,24000,HLT_PFJet60_v4/6,ONE,L1_SingleJet35/4000
273443,1,12,0,HLT_PFJet60_v4/1,ONE,L1_SingleJet35/0
273443,24,4,96000,HLT_PFJet60_v4/12,ONE,L1_SingleJet35/8000
273440,1,0,0,HLT_PFJet60_v4/1,ONE,L1_SingleJet35/0
273440,4,12,0,HLT_PFJet60_v4/1,ONE,L1_SingleJet35/0
273447,1,4,96000,HLT_PFJet60_v4/12,ONE,L1_SingleJet35/8000
273446,1,4,96000,HLT_PFJet60_v4/12,ONE,L1_SingleJet35/8000
273450,1,5,24000,HLT_PFJet60_v4/6,ONE,L1_SingleJet35/4000
273433,1,0,6,HLT_PFJet60_v4/6,ONE,L1_SingleJet35/1
273442,1,0,0,HLT_PFJet60_v4/1,ONE,L1_SingleJet35/0
273442,4,12,0,HLT_PFJet60_v4/1,ONE,L1_SingleJet35/0
273445,1,4,8000,HLT_PFJet60_v4/1,ONE,L1_SingleJet35/8000
273432,None,None,1,HLT_PFJet60_v4,ONE,L1_SingleJet35
273449,1,0,0,HLT_PFJet60_v4/1,ONE,L1_SingleJet35/0
273449,6,5,24000,HLT_PFJet60_v4/6,ONE,L1_SingleJet35/4000
273429,1,0,6,HLT_PFJet60_v4/6,ONE,L1_SingleJet35/1
273444,None,None,1,HLT_PFJet60_v4,ONE,L1_SingleJet35
273448,1,4,96000,HLT_PFJet60_v4/12,ONE,L1_SingleJet35/8000
273448,378,5,24000,HLT_PFJet60_v4/6,ONE,L1_SingleJet35/4000
273492,1,0,0,HLT_PFJet60_v4/1,ONE,L1_SingleJet35/0
273492,29,2,16000,HLT_PFJet60_v4/1,ONE,L1_SingleJet35/16000
273492,40,11,1200,HLT_PFJet60_v4/6,ONE,L1_SingleJet35/200
273492,54,5,24000,HLT_PFJet60_v4/6,ONE,L1_SingleJet35/4000
273493,1,0,0,HLT_PFJet60_v4/1,ONE,L1_SingleJet35/0
273493,3,5,24000,HLT_PFJet60_v4/6,ONE,L1_SingleJet35/4000
273494,1,5,24000,HLT_PFJet60_v4/6,ONE,L1_SingleJet35/4000
274083,1,11,300,HLT_PFJet60_v4/12,ONE,L1_SingleJet35/25
274081,1,11,25,HLT_PFJet60_v4/1,ONE,L1_SingleJet35/25
274303,1,2,140000,HLT_PFJet60_v4/70,ONE,L1_SingleJet35/2000
274877,1,2,2000,HLT_PFJet60_v5/1,ONE,L1_SingleJet35/2000
274877,4,14,0,HLT_PFJet60_v5/1,ONE,L1_SingleJet35/0
274877,68,11,25,HLT_PFJet60_v5/1,ONE,L1_SingleJet35/25
274945,1,5,12500,HLT_PFJet60_v5/25,ONE,L1_SingleJet35/500
274943,1,5,12500,HLT_PFJet60_v5/25,ONE,L1_SingleJet35/500
274982,1,2,2000,HLT_PFJet60_v5/1,ONE,L1_SingleJet35/2000
274985,1,2,2000,HLT_PFJet60_v5/1,ONE,L1_SingleJet35/2000
274983,1,2,2000,HLT_PFJet60_v5/1,ONE,L1_SingleJet35/2000
274990,1,2,2000,HLT_PFJet60_v5/1,ONE,L1_SingleJet35/2000
274990,3,1,2200,HLT_PFJet60_v5/1,ONE,L1_SingleJet35/2200
274990,14,2,2000,HLT_PFJet60_v5/1,ONE,L1_SingleJet35/2000
275045,1,2,2000,HLT_PFJet60_v5/1,ONE,L1_SingleJet35/2000
275046,1,2,2000,HLT_PFJet60_v5/1,ONE,L1_SingleJet35/2000
275260,1,2,2000,HLT_PFJet60_v5/1,ONE,L1_SingleJet35/2000
275189,1,2,50000,HLT_PFJet60_v5/25,ONE,L1_SingleJet35/2000
275234,1,2,50000,HLT_PFJet60_v5/25,ONE,L1_SingleJet35/2000
275284,1,2,50000,HLT_PFJet60_v5/25,ONE,L1_SingleJet35/2000
275285,None,None,1,HLT_PFJet60_v5,ONE,L1_SingleJet35
275283,1,2,50000,HLT_PFJet60_v5/25,ONE,L1_SingleJet35/2000
275291,1,2,50000,HLT_PFJet60_v5/25,ONE,L1_SingleJet35/2000
275291,277,3,30000,HLT_PFJet60_v5/20,ONE,L1_SingleJet35/1500
275282,1,1,55000,HLT_PFJet60_v5/25,ONE,L1_SingleJet35/2200
275282,140,2,50000,HLT_PFJet60_v5/25,ONE,L1_SingleJet35/2000
275290,1,2,50000,HLT_PFJet60_v5/25,ONE,L1_SingleJet35/2000
275292,1,3,30000,HLT_PFJet60_v5/20,ONE,L1_SingleJet35/1500
275286,1,2,50000,HLT_PFJet60_v5/25,ONE,L1_SingleJet35/2000
275289,1,2,50000,HLT_PFJet60_v5/25,ONE,L1_SingleJet35/2000
275293,1,3,30000,HLT_PFJet60_v5/20,ONE,L1_SingleJet35/1500
275311,1,4,25000,HLT_PFJet60_v5/25,ONE,L1_SingleJet35/1000
275375,1,2,50000,HLT_PFJet60_v5/25,ONE,L1_SingleJet35/2000
275375,80,1,55000,HLT_PFJet60_v5/25,ONE,L1_SingleJet35/2200
275375,249,2,50000,HLT_PFJet60_v5/25,ONE,L1_SingleJet35/2000
275375,1180,3,30000,HLT_PFJet60_v5/20,ONE,L1_SingleJet35/1500
275376,1,3,30000,HLT_PFJet60_v5/20,ONE,L1_SingleJet35/1500
275376,1970,4,25000,HLT_PFJet60_v5/25,ONE,L1_SingleJet35/1000
275376,3013,5,12500,HLT_PFJet60_v5/25,ONE,L1_SingleJet35/500
274094,1,5,12000,HLT_PFJet60_v4/24,ONE,L1_SingleJet35/500
274172,1,0,0,HLT_PFJet60_v4/1,ONE,L1_SingleJet35/0
274172,6,2,140000,HLT_PFJet60_v4/70,ONE,L1_SingleJet35/2000
274172,54,3,75000,HLT_PFJet60_v4/50,ONE,L1_SingleJet35/1500
274169,1,2,2000,HLT_PFJet60_v4/1,ONE,L1_SingleJet35/2000
274171,1,0,0,HLT_PFJet60_v4/1,ONE,L1_SingleJet35/0
274170,1,0,0,HLT_PFJet60_v4/1,ONE,L1_SingleJet35/0
274170,6,2,2000,HLT_PFJet60_v4/1,ONE,L1_SingleJet35/2000
274197,1,0,0,HLT_PFJet60_v4/1,ONE,L1_SingleJet35/0
274197,3,3,75000,HLT_PFJet60_v4/50,ONE,L1_SingleJet35/1500
274200,1,0,0,HLT_PFJet60_v4/1,ONE,L1_SingleJet35/0
274200,4,3,75000,HLT_PFJet60_v4/50,ONE,L1_SingleJet35/1500
274200,73,4,35000,HLT_PFJet60_v4/35,ONE,L1_SingleJet35/1000
274198,1,3,75000,HLT_PFJet60_v4/50,ONE,L1_SingleJet35/1500
274198,114,2,140000,HLT_PFJet60_v4/70,ONE,L1_SingleJet35/2000
274199,1,2,140000,HLT_PFJet60_v4/70,ONE,L1_SingleJet35/2000
274199,13,3,75000,HLT_PFJet60_v4/50,ONE,L1_SingleJet35/1500
274236,1,0,0,HLT_PFJet60_v4/1,ONE,L1_SingleJet35/0
274236,7,2,140000,HLT_PFJet60_v4/70,ONE,L1_SingleJet35/2000
274243,1,0,0,HLT_PFJet60_v4/120,ONE,L1_SingleJet35/0
274240,1,2,140000,HLT_PFJet60_v4/70,ONE,L1_SingleJet35/2000
274239,1,2,140000,HLT_PFJet60_v4/70,ONE,L1_SingleJet35/2000
274244,1,0,0,HLT_PFJet60_v4/120,ONE,L1_SingleJet35/0
274244,14,4,35000,HLT_PFJet60_v4/35,ONE,L1_SingleJet35/1000
274244,151,5,12000,HLT_PFJet60_v4/24,ONE,L1_SingleJet35/500
274241,1,2,140000,HLT_PFJet60_v4/70,ONE,L1_SingleJet35/2000
274241,441,3,75000,HLT_PFJet60_v4/50,ONE,L1_SingleJet35/1500
274241,852,4,35000,HLT_PFJet60_v4/35,ONE,L1_SingleJet35/1000
274968,1,2,2000,HLT_PFJet60_v5/1,ONE,L1_SingleJet35/2000
274968,7,1,62500,HLT_PFJet60_v5/25,ONE,L1_SingleJet35/2500
274968,269,2,50000,HLT_PFJet60_v5/25,ONE,L1_SingleJet35/2000
274968,276,1,62500,HLT_PFJet60_v5/25,ONE,L1_SingleJet35/2500
274968,313,2,50000,HLT_PFJet60_v5/25,ONE,L1_SingleJet35/2000
274971,1,3,30000,HLT_PFJet60_v5/20,ONE,L1_SingleJet35/1500
274970,1,3,30000,HLT_PFJet60_v5/20,ONE,L1_SingleJet35/1500
274966,1,2,50000,HLT_PFJet60_v5/25,ONE,L1_SingleJet35/2000
274966,31,5,12500,HLT_PFJet60_v5/25,ONE,L1_SingleJet35/500
274966,60,2,2000,HLT_PFJet60_v5/1,ONE,L1_SingleJet35/2000
274967,1,2,50000,HLT_PFJet60_v5/25,ONE,L1_SingleJet35/2000
274969,1,2,50000,HLT_PFJet60_v5/25,ONE,L1_SingleJet35/2000
274969,114,3,30000,HLT_PFJet60_v5/20,ONE,L1_SingleJet35/1500
275451,1,2,2000,HLT_PFJet60_v5/1,ONE,L1_SingleJet35/2000
275420,1,2,50000,HLT_PFJet60_v5/25,ONE,L1_SingleJet35/2000
275588,1,2,2000,HLT_PFJet60_v5/1,ONE,L1_SingleJet35/2000
275588,2,3,30000,HLT_PFJet60_v5/20,ONE,L1_SingleJet35/1500
275601,1,2,50000,HLT_PFJet60_v5/25,ONE,L1_SingleJet35/2000
275603,1,2,50000,HLT_PFJet60_v5/25,ONE,L1_SingleJet35/2000
275674,1,1,55000,HLT_PFJet60_v5/25,ONE,L1_SingleJet35/2200
275764,1,0,62500,HLT_PFJet60_v5/25,ONE,L1_SingleJet35/2500
275764,18,1,55000,HLT_PFJet60_v5/25,ONE,L1_SingleJet35/2200
275766,1,1,55000,HLT_PFJet60_v5/25,ONE,L1_SingleJet35/2200
275781,1,0,62500,HLT_PFJet60_v5/25,ONE,L1_SingleJet35/2500
275781,3,2,50000,HLT_PFJet60_v5/25,ONE,L1_SingleJet35/2000
275781,14,3,30000,HLT_PFJet60_v5/20,ONE,L1_SingleJet35/1500
275783,1,3,30000,HLT_PFJet60_v5/20,ONE,L1_SingleJet35/1500
275783,1255,4,25000,HLT_PFJet60_v5/25,ONE,L1_SingleJet35/1000
275758,1,0,2500,HLT_PFJet60_v5/1,ONE,L1_SingleJet35/2500
275760,1,0,2500,HLT_PFJet60_v5/1,ONE,L1_SingleJet35/2500
273373,1,0,0,HLT_PFJet60_v4/1,ONE,L1_SingleJet35/0
273373,10,5,4000,HLT_PFJet60_v4/1,ONE,L1_SingleJet35/4000
273385,1,0,0,HLT_PFJet60_v4/1,ONE,L1_SingleJet35/0
273385,6,12,0,HLT_PFJet60_v4/1,ONE,L1_SingleJet35/0
273383,None,None,1,HLT_PFJet60_v4,ONE,L1_SingleJet35
273386,1,0,0,HLT_PFJet60_v4/1,ONE,L1_SingleJet35/0
273386,3,12,0,HLT_PFJet60_v4/1,ONE,L1_SingleJet35/0
274080,1,11,25,HLT_PFJet60_v4/1,ONE,L1_SingleJet35/25
274079,1,12,0,HLT_PFJet60_v4/1,ONE,L1_SingleJet35/0
274079,7,11,25,HLT_PFJet60_v4/1,ONE,L1_SingleJet35/25
274125,1,0,0,HLT_PFJet60_v4/1,ONE,L1_SingleJet35/0
274161,1,4,35000,HLT_PFJet60_v4/35,ONE,L1_SingleJet35/1000
274159,1,4,35000,HLT_PFJet60_v4/35,ONE,L1_SingleJet35/1000
274157,1,0,0,HLT_PFJet60_v4/120,ONE,L1_SingleJet35/0
274157,19,2,140000,HLT_PFJet60_v4/70,ONE,L1_SingleJet35/2000
274157,354,0,0,HLT_PFJet60_v4/120,ONE,L1_SingleJet35/0
274157,358,3,75000,HLT_PFJet60_v4/50,ONE,L1_SingleJet35/1500
274157,483,4,35000,HLT_PFJet60_v4/35,ONE,L1_SingleJet35/1000
274160,1,4,35000,HLT_PFJet60_v4/35,ONE,L1_SingleJet35/1000
274282,1,2,140000,HLT_PFJet60_v4/70,ONE,L1_SingleJet35/2000
274284,1,2,140000,HLT_PFJet60_v4/70,ONE,L1_SingleJet35/2000
274283,1,2,140000,HLT_PFJet60_v4/70,ONE,L1_SingleJet35/2000
274285,1,2,2000,HLT_PFJet60_v4/1,ONE,L1_SingleJet35/2000
274286,1,2,140000,HLT_PFJet60_v4/70,ONE,L1_SingleJet35/2000
274440,1,2,140000,HLT_PFJet60_v4/70,ONE,L1_SingleJet35/2000
274441,1,2,140000,HLT_PFJet60_v4/70,ONE,L1_SingleJet35/2000
274441,332,3,75000,HLT_PFJet60_v4/50,ONE,L1_SingleJet35/1500
274443,1,3,75000,HLT_PFJet60_v4/50,ONE,L1_SingleJet35/1500
274442,1,3,75000,HLT_PFJet60_v4/50,ONE,L1_SingleJet35/1500
274868,1,2,2000,HLT_PFJet60_v5/1,ONE,L1_SingleJet35/2000
274861,1,2,2000,HLT_PFJet60_v5/1,ONE,L1_SingleJet35/2000
274880,1,11,1000,HLT_PFJet60_v5/40,ONE,L1_SingleJet35/25
275476,1,2,50000,HLT_PFJet60_v5/25,ONE,L1_SingleJet35/2000
275658,1,1,55000,HLT_PFJet60_v5/25,ONE,L1_SingleJet35/2200
275658,210,2,50000,HLT_PFJet60_v5/25,ONE,L1_SingleJet35/2000
275658,231,1,55000,HLT_PFJet60_v5/25,ONE,L1_SingleJet35/2200
275656,1,2,50000,HLT_PFJet60_v5/25,ONE,L1_SingleJet35/2000
275656,112,1,2200,HLT_PFJet60_v5/1,ONE,L1_SingleJet35/2200
275657,1,1,55000,HLT_PFJet60_v5/25,ONE,L1_SingleJet35/2200
275657,8,0,62500,HLT_PFJet60_v5/25,ONE,L1_SingleJet35/2500
275657,48,1,55000,HLT_PFJet60_v5/25,ONE,L1_SingleJet35/2200
275659,1,1,55000,HLT_PFJet60_v5/25,ONE,L1_SingleJet35/2200
274087,1,11,300,HLT_PFJet60_v4/12,ONE,L1_SingleJet35/25
274088,1,11,300,HLT_PFJet60_v4/12,ONE,L1_SingleJet35/25
274142,1,4,35000,HLT_PFJet60_v4/35,ONE,L1_SingleJet35/1000
274147,1,4,1000,HLT_PFJet60_v4/1,ONE,L1_SingleJet35/1000
274146,1,0,0,HLT_PFJet60_v4/1,ONE,L1_SingleJet35/0
274146,3,4,35000,HLT_PFJet60_v4/35,ONE,L1_SingleJet35/1000
274387,1,2,140000,HLT_PFJet60_v4/70,ONE,L1_SingleJet35/2000
274388,1,2,140000,HLT_PFJet60_v4/70,ONE,L1_SingleJet35/2000
274388,755,3,75000,HLT_PFJet60_v4/50,ONE,L1_SingleJet35/1500
274388,1754,4,35000,HLT_PFJet60_v4/35,ONE,L1_SingleJet35/1000
274981,1,2,2000,HLT_PFJet60_v5/1,ONE,L1_SingleJet35/2000
274980,1,2,2000,HLT_PFJet60_v5/1,ONE,L1_SingleJet35/2000
275344,1,2,50000,HLT_PFJet60_v5/25,ONE,L1_SingleJet35/2000
275344,76,1,55000,HLT_PFJet60_v5/25,ONE,L1_SingleJet35/2200
275345,1,2,50000,HLT_PFJet60_v5/25,ONE,L1_SingleJet35/2000
276326,1,2,2000,HLT_PFJet60_v6/1,ONE,L1_SingleJet35/2000
276318,1,1,55000,HLT_PFJet60_v6/25,ONE,L1_SingleJet35/2200
276318,349,2,50000,HLT_PFJet60_v6/25,ONE,L1_SingleJet35/2000
276317,1,1,55000,HLT_PFJet60_v6/25,ONE,L1_SingleJet35/2200
276327,1,0,62500,HLT_PFJet60_v6/25,ONE,L1_SingleJet35/2500
276327,55,2,50000,HLT_PFJet60_v6/25,ONE,L1_SingleJet35/2000
276315,1,0,62500,HLT_PFJet60_v6/25,ONE,L1_SingleJet35/2500
276315,125,1,55000,HLT_PFJet60_v6/25,ONE,L1_SingleJet35/2200
275963,1,0,62500,HLT_PFJet60_v5/25,ONE,L1_SingleJet35/2500
275918,1,2,50000,HLT_PFJet60_v5/25,ONE,L1_SingleJet35/2000
275920,1,2,50000,HLT_PFJet60_v5/25,ONE,L1_SingleJet35/2000
275920,12,3,30000,HLT_PFJet60_v5/20,ONE,L1_SingleJet35/1500
275923,1,3,30000,HLT_PFJet60_v5/20,ONE,L1_SingleJet35/1500
275911,1,0,62500,HLT_PFJet60_v5/25,ONE,L1_SingleJet35/2500
275911,258,1,55000,HLT_PFJet60_v5/25,ONE,L1_SingleJet35/2200
275912,1,1,55000,HLT_PFJet60_v5/25,ONE,L1_SingleJet35/2200
275912,260,2,50000,HLT_PFJet60_v5/25,ONE,L1_SingleJet35/2000
275931,1,3,30000,HLT_PFJet60_v5/20,ONE,L1_SingleJet35/1500
275913,1,2,50000,HLT_PFJet60_v5/25,ONE,L1_SingleJet35/2000
275921,1,3,30000,HLT_PFJet60_v5/20,ONE,L1_SingleJet35/1500
275922,1,3,1500,HLT_PFJet60_v5/1,ONE,L1_SingleJet35/1500
276094,1,0,2500,HLT_PFJet60_v5/1,ONE,L1_SingleJet35/2500
276093,1,0,2500,HLT_PFJet60_v5/1,ONE,L1_SingleJet35/2500
276097,1,0,62500,HLT_PFJet60_v5/25,ONE,L1_SingleJet35/2500
276097,106,1,55000,HLT_PFJet60_v5/25,ONE,L1_SingleJet35/2200
276095,1,0,2500,HLT_PFJet60_v5/1,ONE,L1_SingleJet35/2500
276092,1,0,62500,HLT_PFJet60_v5/25,ONE,L1_SingleJet35/2500
276096,1,0,2500,HLT_PFJet60_v5/1,ONE,L1_SingleJet35/2500
276186,1,0,62500,HLT_PFJet60_v5/25,ONE,L1_SingleJet35/2500
276190,1,0,62500,HLT_PFJet60_v5/25,ONE,L1_SingleJet35/2500
276183,1,0,62500,HLT_PFJet60_v5/25,ONE,L1_SingleJet35/2500
276185,1,0,2500,HLT_PFJet60_v5/1,ONE,L1_SingleJet35/2500
276181,1,0,62500,HLT_PFJet60_v5/25,ONE,L1_SingleJet35/2500
275887,1,0,62500,HLT_PFJet60_v5/25,ONE,L1_SingleJet35/2500
275886,1,0,62500,HLT_PFJet60_v5/25,ONE,L1_SingleJet35/2500
275886,7,1,55000,HLT_PFJet60_v5/25,ONE,L1_SingleJet35/2200
275886,21,0,62500,HLT_PFJet60_v5/25,ONE,L1_SingleJet35/2500
275886,24,1,55000,HLT_PFJet60_v5/25,ONE,L1_SingleJet35/2200
275886,68,0,62500,HLT_PFJet60_v5/25,ONE,L1_SingleJet35/2500
275890,1,0,62500,HLT_PFJet60_v5/25,ONE,L1_SingleJet35/2500
275890,8,1,55000,HLT_PFJet60_v5/25,ONE,L1_SingleJet35/2200
275890,503,2,50000,HLT_PFJet60_v5/25,ONE,L1_SingleJet35/2000
276235,1,0,62500,HLT_PFJet60_v5/25,ONE,L1_SingleJet35/2500
276235,3,1,55000,HLT_PFJet60_v5/25,ONE,L1_SingleJet35/2200
276237,1,0,2500,HLT_PFJet60_v5/1,ONE,L1_SingleJet35/2500
276243,1,3,30000,HLT_PFJet60_v5/20,ONE,L1_SingleJet35/1500
276242,1,0,62500,HLT_PFJet60_v5/25,ONE,L1_SingleJet35/2500
276242,8,1,55000,HLT_PFJet60_v5/25,ONE,L1_SingleJet35/2200
276242,464,2,50000,HLT_PFJet60_v5/25,ONE,L1_SingleJet35/2000
276242,1384,3,30000,HLT_PFJet60_v5/20,ONE,L1_SingleJet35/1500
276244,1,3,30000,HLT_PFJet60_v5/20,ONE,L1_SingleJet35/1500
276044,1,0,2500,HLT_PFJet60_v5/1,ONE,L1_SingleJet35/2500
276074,1,0,2500,HLT_PFJet60_v5/1,ONE,L1_SingleJet35/2500
276063,1,0,2500,HLT_PFJet60_v5/1,ONE,L1_SingleJet35/2500
276054,None,None,1,HLT_PFJet60_v5,ONE,L1_SingleJet35
276071,1,0,62500,HLT_PFJet60_v5/25,ONE,L1_SingleJet35/2500
276072,1,0,2500,HLT_PFJet60_v5/1,ONE,L1_SingleJet35/2500
276049,1,0,62500,HLT_PFJet60_v5/25,ONE,L1_SingleJet35/2500
276062,1,0,2500,HLT_PFJet60_v5/1,ONE,L1_SingleJet35/2500
276064,1,0,62500,HLT_PFJet60_v5/25,ONE,L1_SingleJet35/2500
276279,1,0,62500,HLT_PFJet60_v6/25,ONE,L1_SingleJet35/2500
276282,1,0,62500,HLT_PFJet60_v6/25,ONE,L1_SingleJet35/2500
276282,375,1,55000,HLT_PFJet60_v6/25,ONE,L1_SingleJet35/2200
276282,970,2,50000,HLT_PFJet60_v6/25,ONE,L1_SingleJet35/2000
276271,1,0,2500,HLT_PFJet60_v6/1,ONE,L1_SingleJet35/2500
276276,1,0,62500,HLT_PFJet60_v6/25,ONE,L1_SingleJet35/2500
276283,1,2,50000,HLT_PFJet60_v6/25,ONE,L1_SingleJet35/2000
276283,777,3,30000,HLT_PFJet60_v6/20,ONE,L1_SingleJet35/1500
275958,1,0,2500,HLT_PFJet60_v5/1,ONE,L1_SingleJet35/2500
275960,1,0,62500,HLT_PFJet60_v5/25,ONE,L1_SingleJet35/2500
276434,1,0,62500,HLT_PFJet60_v6/25,ONE,L1_SingleJet35/2500
276384,1,3,30000,HLT_PFJet60_v6/20,ONE,L1_SingleJet35/1500
276357,1,0,62500,HLT_PFJet60_v6/25,ONE,L1_SingleJet35/2500
276357,35,1,55000,HLT_PFJet60_v6/25,ONE,L1_SingleJet35/2200
276361,1,1,55000,HLT_PFJet60_v6/25,ONE,L1_SingleJet35/2200
276361,463,2,50000,HLT_PFJet60_v6/25,ONE,L1_SingleJet35/2000
276349,1,0,2500,HLT_PFJet60_v6/1,ONE,L1_SingleJet35/2500
276363,1,2,50000,HLT_PFJet60_v6/25,ONE,L1_SingleJet35/2000
276363,502,3,30000,HLT_PFJet60_v6/20,ONE,L1_SingleJet35/1500
276347,1,0,2500,HLT_PFJet60_v6/1,ONE,L1_SingleJet35/2500
276352,1,0,62500,HLT_PFJet60_v6/25,ONE,L1_SingleJet35/2500
276355,1,0,62500,HLT_PFJet60_v6/25,ONE,L1_SingleJet35/2500
276362,1,2,2000,HLT_PFJet60_v6/1,ONE,L1_SingleJet35/2000
276360,1,1,2200,HLT_PFJet60_v6/1,ONE,L1_SingleJet35/2200
276350,1,0,2500,HLT_PFJet60_v6/1,ONE,L1_SingleJet35/2500
276351,1,0,2500,HLT_PFJet60_v6/1,ONE,L1_SingleJet35/2500
